,id,amo_id,amo_lead_id,prefix,code,card_type,design_type,status,supplier_payment_date,sale_price,sale_date,expiry_date,card_used_date,created_at,updated_at,deleted_at,number
42,,,24693703,VWS20,VWS20_3415971,electronic,design1,sold_used,2023-10-09,3600.0,2023-01-07 23:00:00,,2023-10-09,,,,3415971
44,,,24962283,EF30,EF30_173522,paper,design1,,,6200.0,2023-01-08 12:01:00,,,,,,173522
55,,,25212865,VWS20,VWS20_4035259,electronic,design1,,,3600.0,2023-01-09 11:29:00,,,,,,4035259
94,,,23521391,VWS20,VWS20_2431777,electronic,design1,sold_used,2023-07-20,3000.0,2023-01-21 20:26:00,,2023-07-20,,,,2431777
139,,,23601589,WS60,WS60_267335,paper,design1,,,,2023-04-02 15:04:00,,,,,,267335
157,,,24203595,VWSN60,VWSN60_2931338,electronic,design1,sold_used,2023-03-09,10000.0,2023-03-05 08:13:00,,2023-03-09,,,,2931338
179,,,24708927,WS20,WS20_116557,paper,design1,sold_used,2023-11-07,3300.0,2023-03-07 18:52:00,,2023-11-07,,,,116557
182,,,24970021,VWS60,VWS60_3737994,electronic,design1,,,10200.0,2023-02-08 10:35:00,,,,,,3737994
194,,,24975785,WS60,WS60_283297,paper,design1,,,,2023-06-08 09:53:00,,,,,,283297
222,,,23670527,VWS60,VWS60_2526079,electronic,design1,sold_used,2023-07-22,8500.0,2023-02-13 14:46:00,,2023-07-22,,,,2526079
249,,,23703937,SN1X1,SN1X1_116859,paper,design1,sold_used,2023-03-03,0.0,2023-02-20 09:58:00,,2023-03-03,,,,116859
254,,,23706073,SN1X1,SN1X1_193747,paper,design1,sold_used,2023-03-03,0.0,2023-02-20 09:58:00,,2023-03-03,,,,193747
264,,,23710655,VEF30,VEF30_2511121,electronic,design1,sold_used,2023-03-09,6200.0,2023-02-20 12:13:00,,2023-03-09,,,,2511121
277,,,23714931,SN2X1,SN2X1_122985,paper,design1,sold_used,2023-10-03,9000.0,2023-02-22 12:04:00,,2023-10-03,,,,122985
383,,,23749387,SN2X1,SN2X1_146289,paper,design1,,,9000.0,2023-02-28 10:08:00,,,,,,146289
399,,,23612531,VWS60,VWS60_2523747,electronic,design1,,,8500.0,2023-03-02 19:37:00,,,,,,2523747
404,,,23788151,VWS20,VWS20_2660744,electronic,design1,sold_used,2023-08-15,3300.0,2023-03-03 15:18:00,,2023-08-15,,,,2660744
429,,,24210987,VWS60,VWS60_2978507,electronic,design1,sold_used,2023-08-19,8500.0,2023-04-05 11:39:00,,2023-08-19,,,,2978507
444,,,24713085,VEF30,VEF30_3489794,electronic,design1,sold_used,2023-06-07,6200.0,2023-03-07 12:22:00,,2023-06-07,,,,3489794
472,,,25495625,VSG7,VSG7_4172411,electronic,design1,,,7000.0,2023-03-10 10:32:00,,,,,,4172411
487,,,23852821,WS60,WS60_234563,paper,design1,sold_used,2023-09-07,,2023-03-15 07:39:00,,2023-09-07,,,,234563
492,,,23869621,WSN60,WSN60_270145,paper,design1,sold_used,2023-05-08,10000.0,2023-03-17 16:11:00,,2023-05-08,,,,270145
503,,,23885027,WS60,WS60_273808,paper,design1,,,,2023-03-20 21:18:00,,,,,,273808
518,,,23908435,WS20,WS20_188511,paper,design1,sold_used,2023-12-08,3300.0,2023-03-22 14:57:00,,2023-12-08,,,,188511
522,,,23918309,VWS20,VWS20_2756849,electronic,design1,sold_used,2023-08-17,3600.0,2023-03-25 10:04:00,,2023-08-17,,,,2756849
523,,,23918655,VWS20,VWS20_2763889,electronic,design1,sold_used,2023-08-17,3600.0,2023-03-22 14:29:00,,2023-08-17,,,,2763889
524,,,23918783,VWS20,VWS20_2752147,electronic,design1,sold_used,2023-08-17,3600.0,2023-03-22 14:38:00,,2023-08-17,,,,2752147
526,,,23919421,WS20,WS20_188196,paper,design1,,,3300.0,2023-03-22 16:08:00,,,,,,188196
537,,,23931737,EF30,EF30_259055,paper,design1,,,6200.0,2023-03-27 16:00:00,,,,,,259055
538,,,23931953,EF30,EF30_190931,paper,design1,sold_used,2023-02-07,6200.0,2023-03-27 16:00:00,,2023-02-07,,,,190931
551,,,23942865,VWS60,VWS60_2873370,electronic,design1,sold_used,2023-08-18,8500.0,2023-03-26 18:16:00,,2023-08-18,,,,2873370
553,,,23959347,VWS60,VWS60_2870241,electronic,design1,sold_used,2023-04-08,10200.0,2023-03-28 18:57:00,,2023-04-08,,,,2870241
560,,,23965909,VHB20,VHB20_2816516,electronic,design1,,,3700.0,2023-03-29 16:38:00,,,,,,2816516
562,,,23967057,WS20,WS20_164862,paper,design1,sold_used,2023-10-09,3300.0,2023-03-30 13:39:00,,2023-10-09,,,,164862
605,,,24463739,WS60,WS60_287654,paper,design1,sold_used,2023-10-08,,2023-05-06 18:51:00,,2023-10-08,,,,287654
614,,,24721963,WS60,WS60_216485,paper,design1,sold_used,2023-10-08,,2023-05-07 22:04:00,,2023-10-08,,,,216485
624,,,24989577,WS20,WS20_171166,paper,design1,,,3300.0,2023-09-08 10:29:00,,,,,,171166
644,,,25233951,VWS20,VWS20_4019308,electronic,design1,,,3800.0,2023-04-09 18:50:00,,,,,,4019308
665,,,24072407,VEF30,VEF30_2824865,electronic,design1,sold_used,2023-08-18,6200.0,2023-04-13 20:02:00,,2023-08-18,,,,2824865
675,,,24083997,WS60,WS60_281405,paper,design1,sold_used,2023-08-19,,2023-04-17 20:33:00,,2023-08-19,,,,281405
676,,,24084061,WS60,WS60_226292,paper,design1,sold_used,2023-12-08,,2023-04-17 20:34:00,,2023-12-08,,,,226292
685,,,24092835,WS60,WS60_253241,paper,design1,sold_used,2023-05-08,,2023-04-17 12:05:00,,2023-05-08,,,,253241
694,,,24104865,KR4,KR4_149825,paper,design1,sold_used,2023-09-07,5200.0,2023-04-21 05:36:00,,2023-09-07,,,,149825
705,,,24121405,HB20,HB20_156614,paper,design1,,,3700.0,2023-04-21 15:03:00,,,,,,156614
716,,,24125407,KR4,KR4_276901,paper,design1,,,5200.0,2023-04-24 21:27:00,,,,,,276901
738,,,24144735,KR4,KR4_174682,paper,design1,sold_used,2023-09-30,5200.0,2023-04-25 13:19:00,,2023-09-30,,,,174682
762,,,24177210,WS60,WS60_297891,paper,design1,,,,2023-01-05 12:22:00,,,,,,297891
769,,,24183178,WSN60,WSN60_276133,paper,design1,,,10000.0,2023-01-05 12:22:00,,,,,,276133
772,,,24184388,WSN60,WSN60_221912,paper,design1,,,10000.0,2023-04-29 17:24:00,,,,,,221912
776,,,24187144,VWS20,VWS20_2982949,electronic,design1,sold_used,2023-08-19,3000.0,2023-04-30 11:11:00,,2023-08-19,,,,2982949
793,,,24013075,WSN60,WSN60_253460,paper,design1,,,10000.0,2023-06-04 15:51:00,,,,,,253460
804,,,24468269,VWS20,VWS20_3236068,electronic,design1,,,3800.0,2023-05-06 11:15:00,,,,,,3236068
806,,,24469149,VFR2,VFR2_3266443,electronic,design1,sold_used,2023-06-10,10000.0,2023-05-06 11:52:00,,2023-06-10,,,,3266443
827,,,24734827,WS20,WS20_178775,paper,design1,,,3300.0,2023-10-07 15:39:00,,,,,,178775
866,,,24290203,KR2,KR2_210433,paper,design1,,,3000.0,2023-05-16 13:54:00,,,,,,210433
869,,,24291389,VWS60,VWS60_3089017,electronic,design1,sold_used,2023-08-17,8500.0,2023-05-13 16:55:00,,2023-08-17,,,,3089017
872,,,24291535,VWS60,VWS60_3025824,electronic,design1,sold_used,2023-04-08,10000.0,2023-05-13 21:36:00,,2023-04-08,,,,3025824
873,,,24292285,VWS60,VWS60_3094616,electronic,design1,sold_used,2023-07-08,10000.0,2023-05-13 21:37:00,,2023-07-08,,,,3094616
875,,,24294657,VWS20,VWS20_3031081,electronic,design1,sold_used,2023-07-08,3600.0,2023-05-14 14:55:00,,2023-07-08,,,,3031081
880,,,24300533,VWS20,VWS20_3091988,electronic,design1,,,3000.0,2023-05-15 11:17:00,,,,,,3091988
888,,,24308797,WS60,WS60_227205,paper,design1,,,,2023-05-16 15:50:00,,,,,,227205
898,,,24314551,VHB20,VHB20_3053060,electronic,design1,,,3700.0,2023-05-16 18:01:00,,,,,,3053060
903,,,24319465,KR2,KR2_270259,paper,design1,sold_used,2023-10-21,3000.0,2023-05-18 14:10:00,,2023-10-21,,,,270259
907,,,24321529,WS20,WS20_173879,paper,design1,sold_used,2023-08-20,3300.0,2023-05-19 13:42:00,,2023-08-20,,,,173879
909,,,24322965,VWSN60,VWSN60_3081861,electronic,design1,sold_used,2023-06-08,10000.0,2023-05-17 16:54:00,,2023-06-08,,,,3081861
912,,,24324573,WS60,WS60_254347,paper,design1,sold_used,2023-06-18,,2023-05-18 11:43:00,,2023-06-18,,,,254347
928,,,24343905,VWSN60,VWSN60_3026013,electronic,design1,sold_used,2023-09-24,10000.0,2023-05-19 14:53:00,,2023-09-24,,,,3026013
929,,,24345659,VWS60,VWS60_3041266,electronic,design1,,,8500.0,2023-05-19 18:29:00,,,,,,3041266
931,,,24345717,VUN,VUN_3015355,electronic,design1,sold_used,2023-05-22,7000.0,2023-05-19 19:55:00,,2023-05-22,,,,3015355
937,,,24349797,KR2,KR2_235393,paper,design1,sold_used,2023-10-14,3000.0,2023-05-20 16:34:00,,2023-10-14,,,,235393
941,,,24350265,VWS20,VWS20_3073247,electronic,design1,,,3000.0,2023-05-20 17:38:00,,,,,,3073247
973,,,24362083,WS60,WS60_218846,paper,design1,,,,2023-05-23 12:32:00,,,,,,218846
993,,,24372639,WS60,WS60_227593,paper,design1,,,8500.0,2023-05-24 16:07:00,,,,,,227593
994,,,24383127,VWS60,VWS60_3142583,electronic,design1,,,8500.0,2023-05-24 14:44:00,,,,,,3142583
1003,,,24387979,KR4,KR4_118398,paper,design1,,,5500.0,2023-05-26 08:44:00,,,,,,118398
1020,,,24396491,VEF30,VEF30_3130133,electronic,design1,,,5500.0,2023-05-26 11:45:00,,,,,,3130133
1023,,,24398485,VEF30,VEF30_3129088,electronic,design1,,,5500.0,2023-05-26 14:47:00,,,,,,3129088
1029,,,24400591,KR2,KR2_290261,paper,design1,,,3000.0,2023-05-27 14:41:00,,,,,,290261
1045,,,24407045,VWS60,VWS60_3418422,electronic,design1,sold_used,2023-01-07,10200.0,2023-05-28 11:19:00,,2023-01-07,,,,3418422
1047,,,24407599,WS60,WS60_294547,paper,design1,,,,2023-05-31 17:51:00,,,,,,294547
1049,,,24407959,VWS20,VWS20_3198946,electronic,design1,sold_used,2023-03-09,3000.0,2023-05-28 14:40:00,,2023-03-09,,,,3198946
1056,,,24409907,VWS20,VWS20_3194098,electronic,design1,,,3000.0,2023-05-28 22:02:00,,,,,,3194098
1059,,,22117669,VWS20,VWS20_3136172,electronic,design1,sold_used,2023-08-07,3000.0,2022-04-07 16:28:00,,2023-08-07,,,,3136172
1066,,,24397791,EF30,EF30_290942,paper,design1,,,5500.0,2023-05-26 13:31:00,,,,,,290942
1091,,,24435359,KR2,KR2_254645,paper,design1,,,3000.0,2023-05-31 15:19:00,,,,,,254645
1094,,,24436793,WS60,WS60_258680,paper,design1,,,,2023-05-31 19:36:00,,,,,,258680
1099,,,24437483,WS20,WS20_168631,paper,design1,,,3300.0,2023-05-31 19:08:00,,,,,,168631
1114,,,23789255,WS60,WS60_245936,paper,design1,,,8500.0,2023-03-03 15:16:00,,,,,,245936
1120,,,23810559,WSN60,WSN60_218953,paper,design1,,,10000.0,2023-10-03 22:05:00,,,,,,218953
1207,,,24559751,KR4,KR4_116759,paper,design1,,,5500.0,2023-06-14 17:43:00,,,,,,116759
1218,,,24571717,VEF30,VEF30_3368762,electronic,design1,,,6200.0,2023-06-15 16:30:00,,,,,,3368762
1243,,,24580183,EF30,EF30_271446,paper,design1,,,6200.0,2023-06-19 17:54:00,,,,,,271446
1244,,,24580195,EF30,EF30_226935,paper,design1,,,6200.0,2023-06-19 17:53:00,,,,,,226935
1247,,,24560639,WS60,WS60_271207,paper,design1,,,,2023-06-16 18:42:00,,,,,,271207
1262,,,24584857,WS60,WS60_263514,paper,design1,sold_used,2023-01-07,,2023-06-20 17:58:00,,2023-01-07,,,,263514
1270,,,24587353,WS60,WS60_291005,paper,design1,sold_used,2023-12-09,9600.0,2023-06-18 13:10:00,,2023-12-09,,,,291005
1280,,,24592667,WS60,WS60_278462,paper,design1,sold_used,2023-08-26,,2023-06-20 18:04:00,,2023-08-26,,,,278462
1290,,,24596539,ES130,ES130_164358,paper,design1,,,0.0,2023-06-21 23:01:00,,,,,,164358
1298,,,24602149,VEF30,VEF30_3377131,electronic,design1,sold_used,2023-05-08,6000.0,2023-06-20 10:57:00,,2023-05-08,,,,3377131
1299,,,24602291,VHB20,VHB20_3398237,electronic,design1,,,5500.0,2023-06-20 11:12:00,,,,,,3398237
1308,,,24606011,WS60,WS60_292451,paper,design1,sold_used,2023-08-20,,2023-06-21 16:38:00,,2023-08-20,,,,292451
1319,,,24612383,VEF30,VEF30_3383608,electronic,design1,,,6000.0,2023-06-21 14:16:00,,,,,,3383608
1323,,,24614375,ES130,ES130_112723,paper,design1,sold_used,2023-08-07,0.0,2023-06-24 10:12:00,,2023-08-07,,,,112723
1352,,,24633295,VWS20,VWS20_3488288,electronic,design1,,,3600.0,2023-06-23 15:08:00,,,,,,3488288
1382,,,24645395,VHB20,VHB20_3454260,electronic,design1,sold_used,2023-09-09,6000.0,2023-06-25 13:03:00,,2023-09-09,,,,3454260
1395,,,24653591,EF30,EF30_223160,paper,design1,,,6000.0,2023-06-27 18:41:00,,,,,,223160
1407,,,24656289,WS20,WS20_159830,paper,design1,sold_used,2023-08-21,3300.0,2023-06-28 23:22:00,,2023-08-21,,,,159830
1414,,,24664459,SG7,SG7_13506,paper,design1,,,7000.0,2023-06-29 21:59:00,,,,,,13506
1420,,,24665969,WSN60,WSN60_272802,paper,design1,sold_used,2023-09-07,10000.0,2023-04-07 14:10:00,,2023-09-07,,,,272802
1426,,,24669479,VEF30,VEF30_3479657,electronic,design1,sold_used,2023-08-26,6000.0,2023-06-28 14:29:00,,2023-08-26,,,,3479657
1432,,,24675785,KR2,KR2_263617,paper,design1,sold_used,2023-07-07,3000.0,2023-06-29 13:34:00,,2023-07-07,,,,263617
1438,,,24676465,VEF30,VEF30_3415546,electronic,design1,sold_used,2023-08-07,6200.0,2023-06-29 13:00:00,,2023-08-07,,,,3415546
1476,,,23813621,VWS60,VWS60_2699666,electronic,design1,,,10200.0,2023-07-03 11:55:00,,,,,,2699666
1504,,,24510457,SG7,SG7_63231,paper,design1,sold_used,2023-09-25,7000.0,2023-10-06 12:20:00,,2023-09-25,,,,63231
1506,,,24511029,VWS20,VWS20_3285417,electronic,design1,,,3600.0,2023-07-06 18:38:00,,,,,,3285417
1511,,,24746589,WS60,WS60_226779,paper,design1,sold_used,2023-03-09,,2023-07-07 20:38:00,,2023-03-09,,,,226779
1514,,,24747793,VWS20,VWS20_3568847,electronic,design1,,,3800.0,2023-07-07 12:09:00,,,,,,3568847
1516,,,24748689,WSN60,WSN60_243382,paper,design1,,,12000.0,2023-09-07 09:48:00,,,,,,243382
1525,,,24755059,VSG7,VSG7_3521085,electronic,design1,sold_used,2023-09-25,7000.0,2023-07-07 21:30:00,,2023-09-25,,,,3521085
1532,,,25010665,VWS20,VWS20_3888755,electronic,design1,,,3600.0,2023-07-08 14:42:00,,,,,,3888755
1533,,,25011655,VWS20,VWS20_3892934,electronic,design1,,,3600.0,2023-07-08 14:42:00,,,,,,3892934
1534,,,25011677,VWS20,VWS20_3891005,electronic,design1,sold_used,2023-10-08,3600.0,2023-07-08 14:43:00,,2023-10-08,,,,3891005
1535,,,25011683,VWS20,VWS20_3887374,electronic,design1,,,3600.0,2023-07-08 14:43:00,,,,,,3887374
1537,,,25011927,VWS20,VWS20_3851464,electronic,design1,,,3600.0,2023-07-08 14:56:00,,,,,,3851464
1543,,,25017937,VWS20,VWS20_3828805,electronic,design1,sold_used,2023-08-20,3600.0,2023-07-08 18:57:00,,2023-08-20,,,,3828805
1557,,,25916621,VSG7,VSG7_4313844,electronic,design1,,,7500.0,2023-07-11 14:06:00,,,,,,4313844
1571,,,24807709,WS60,WS60_215800,paper,design1,,,9600.0,2023-07-17 17:00:00,,,,,,215800
1589,,,24816173,WS20,WS20_148812,paper,design1,sold_used,2023-08-27,3600.0,2023-07-17 12:46:00,,2023-08-27,,,,148812
1622,,,24820389,WS60,WS60_242852,paper,design1,,,,2023-07-15 23:24:00,,,,,,242852
1623,,,24821785,VWS60,VWS60_3611540,electronic,design1,sold_used,2023-02-09,9600.0,2023-07-16 12:27:00,,2023-02-09,,,,3611540
1628,,,24823137,VWS20,VWS20_3637474,electronic,design1,,,3800.0,2023-07-16 16:44:00,,,,,,3637474
1634,,,24826201,VWS20,VWS20_3654529,electronic,design1,sold_used,2023-01-09,3600.0,2023-07-17 10:18:00,,2023-01-09,,,,3654529
1637,,,24828845,VWS20,VWS20_3674591,electronic,design1,,,3600.0,2023-07-17 14:10:00,,,,,,3674591
1665,,,24854739,VWS20,VWS20_3694015,electronic,design1,,,3600.0,2023-07-19 18:01:00,,,,,,3694015
1669,,,24856027,WS20,WS20_151826,paper,design1,sold_used,2023-08-31,3600.0,2023-07-20 16:34:00,,2023-08-31,,,,151826
1700,,,24874379,VEF60,VEF60_3760533,electronic,design1,,,10500.0,2023-07-22 14:18:00,,,,,,3760533
1704,,,24875347,WS60,WS60_270756,paper,design1,,,,2023-07-28 20:58:00,,,,,,270756
1708,,,24877105,WS20,WS20_194845,paper,design1,sold_used,2023-10-08,3800.0,2023-07-25 12:08:00,,2023-10-08,,,,194845
1714,,,24879389,VEF30,VEF30_3749134,electronic,design1,,,6000.0,2023-07-23 15:26:00,,,,,,3749134
1757,,,24916133,VWS20,VWS20_3780806,electronic,design1,,,3600.0,2023-07-27 13:21:00,,,,,,3780806
1780,,,24935145,VWS20,VWS20_3777417,electronic,design1,,,3600.0,2023-07-29 12:01:00,,,,,,3777417
1781,,,24935309,VWS20,VWS20_3747999,electronic,design1,,,3600.0,2023-07-29 12:01:00,,,,,,3747999
1794,,,24952423,WS60,WS60_215266,paper,design1,sold_used,2023-11-09,,2023-07-30 20:06:00,,2023-11-09,,,,215266
1803,,,24958063,VEF30,VEF30_3769645,electronic,design1,,,6000.0,2023-07-31 17:03:00,,,,,,3769645
1832,,,24519563,VEF60,VEF60_3213741,electronic,design1,,,10500.0,2023-08-06 18:08:00,,,,,,3213741
1836,,,24756801,VUN,VUN_3536083,electronic,design1,sold_used,2023-10-08,7000.0,2023-08-07 11:30:00,,2023-10-08,,,,3536083
1838,,,24757207,WSN60,WSN60_280915,paper,design1,sold_used,2023-08-08,10000.0,2023-08-07 12:43:00,,2023-08-08,,,,280915
1841,,,24757579,VWS20,VWS20_3563357,electronic,design1,,,3800.0,2023-08-07 13:44:00,,,,,,3563357
1860,,,25034471,VHB20,VHB20_3857333,electronic,design1,,,5500.0,2023-08-08 15:39:00,,,,,,3857333
1862,,,25035775,VWS60,VWS60_3879160,electronic,design1,,,9600.0,2023-08-08 17:45:00,,,,,,3879160
1863,,,25036571,VSG7,VSG7_3817547,electronic,design1,,,7000.0,2023-08-08 19:44:00,,,,,,3817547
1876,,,25263765,VWS60,VWS60_4090248,electronic,design1,,,9600.0,2023-08-09 15:12:00,,,,,,4090248
1891,,,25923941,VEF60,VEF60_4398614,electronic,design1,,,11500.0,2023-08-11 10:38:00,,,,,,4398614
1899,,,25070099,VEF30,VEF30_3960786,electronic,design1,,,6200.0,2023-08-13 21:28:00,,,,,,3960786
1928,,,25091049,EF30,EF30_170151,paper,design1,,,6000.0,2023-08-17 13:14:00,,,,,,170151
1946,,,25104795,VEF60,VEF60_3924336,electronic,design1,,,10500.0,2023-08-17 20:56:00,,,,,,3924336
1956,,,25112995,WSN60,WSN60_234815,paper,design1,,,10000.0,2023-08-21 13:49:00,,,,,,234815
1958,,,25113423,EF30,EF30_271829,paper,design1,,,6000.0,2023-08-19 17:15:00,,,,,,271829
1965,,,25121273,VSG7,VSG7_3991867,electronic,design1,sold_used,2023-06-11,7000.0,2023-08-20 14:07:00,,2023-06-11,,,,3991867
1971,,,25123159,WS20,WS20_15077227,paper,design1,sold_used,2023-02-09,3600.0,2023-08-23 12:20:00,,2023-02-09,,,,15077227
2000,,,25153497,WSN60,WSN60_275012,paper,design1,sold_used,2023-01-09,10000.0,2023-08-24 14:54:00,,2023-01-09,,,,275012
2026,,,25167859,VWSN60,VWSN60_4066596,electronic,design1,sold_used,2023-03-09,11500.0,2023-04-09 18:58:00,,2023-03-09,,,,4066596
2037,,,25175493,WS60,WS60_21156334,paper,design1,sold_used,2023-09-09,,2023-08-27 19:01:00,,2023-09-09,,,,21156334
2038,,,25182179,SN2X1,SN2X1_146249,paper,design1,,,9000.0,2023-08-28 15:10:00,,,,,,146249
2049,,,25190897,WS60,WS60_277930,paper,design1,,,,2023-01-09 12:55:00,,,,,,277930
2082,,,23826923,WS60,WS60_276764,paper,design1,,,8800.0,2023-09-03 18:10:00,,,,,,276764
2091,,,24252071,WSN60,WSN60_276007,paper,design1,sold_used,2023-06-17,10000.0,2023-10-05 13:31:00,,2023-06-17,,,,276007
2099,,,24522645,VWS20,VWS20_3289955,electronic,design1,sold_used,2023-07-15,3600.0,2023-09-06 09:54:00,,2023-07-15,,,,3289955
2107,,,24526063,VWS20,VWS20_3228005,electronic,design1,sold_used,2023-03-09,3600.0,2023-09-06 15:36:00,,2023-03-09,,,,3228005
2110,,,24526839,VWS20,VWS20_3276534,electronic,design1,sold_used,2023-08-31,3600.0,2023-09-06 16:39:00,,2023-08-31,,,,3276534
2125,,,24819125,WSN60,WSN60_237261,paper,design1,sold_used,2023-05-08,10000.0,2023-07-17 12:28:00,,2023-05-08,,,,237261
2132,,,25043377,VWS20,VWS20_3833692,electronic,design1,,,3600.0,2023-09-08 16:04:00,,,,,,3833692
2134,,,25043691,VWS20,VWS20_3883546,electronic,design1,sold_used,2023-08-26,3600.0,2023-09-08 16:43:00,,2023-08-26,,,,3883546
2140,,,25045433,UN,UN_281600,paper,design1,sold_used,2023-08-18,7000.0,2023-08-14 12:40:00,,2023-08-18,,,,281600
2186,,,25331217,VSG7,VSG7_4186041,electronic,design1,,,7000.0,2023-09-17 08:43:00,,,,,,4186041
2204,,,25368461,VLB1X,VLB1X_4136949,electronic,design1,,,14500.0,2023-09-21 12:37:00,,,,,,4136949
2252,,,25449091,WSN60,WSN60_236830,paper,design1,,,10000.0,2023-09-30 20:57:00,,,,,,236830
2263,,,23653171,VWS20,VWS20_2546652,electronic,design1,sold_used,2023-08-27,3000.0,2023-10-02 13:41:00,,2023-08-27,,,,2546652
2270,,,24048603,WS20,WS20_142007,paper,design1,sold_used,2023-08-13,3300.0,2023-11-04 17:13:00,,2023-08-13,,,,142007
2279,,,24261179,KR2,KR2_274491,paper,design1,,,3000.0,2023-05-13 00:45:00,,,,,,274491
2294,,,24533039,KR4,KR4_135721,paper,design1,,,5500.0,2023-06-14 10:55:00,,,,,,135721
2304,,,24774585,WS20,WS20_176175,paper,design1,sold_used,2023-11-08,3300.0,2023-10-07 20:25:00,,2023-11-08,,,,176175
2314,,,24777563,WS20,WS20_286534,paper,design1,sold_used,2023-08-13,3300.0,2023-10-07 20:58:00,,2023-08-13,,,,286534
2318,,,25050651,SG7,SG7_85978,paper,design1,,,7000.0,2023-10-08 15:33:00,,,,,,85978
2319,,,25050603,WS60,WS60_271596,paper,design1,,,9600.0,2023-10-08 15:33:00,,,,,,271596
2329,,,25053859,VEF60,VEF60_3846203,electronic,design1,sold_used,2023-05-09,10500.0,2023-10-08 20:51:00,,2023-05-09,,,,3846203
2333,,,25273913,VWS20,VWS20_4184895,electronic,design1,,,3600.0,2023-10-09 15:58:00,,,,,,4184895
2334,,,25273975,WSN60,WSN60_281349,paper,design1,,,10000.0,2023-12-09 19:53:00,,,,,,281349
2425,,,24056111,VWS60,VWS60_2892426,electronic,design1,,,10200.0,2023-11-04 18:34:00,,,,,,2892426
2432,,,24267977,KR4,KR4_112538,paper,design1,,,5500.0,2023-05-19 13:34:00,,,,,,112538
2434,,,24280123,VWS60,VWS60_3095247,electronic,design1,sold_used,2023-08-07,8500.0,2023-12-05 15:47:00,,2023-08-07,,,,3095247
2435,,,24280271,KR4,KR4_267941,paper,design1,sold_used,2023-06-25,5500.0,2023-05-19 13:38:00,,2023-06-25,,,,267941
2459,,,25058899,WS20,WS20_151897,paper,design1,sold_used,2023-09-24,3600.0,2023-08-13 09:39:00,,2023-09-24,,,,151897
2475,,,25976739,SN2X1,SN2X1_194516,paper,design1,,,10000.0,2023-11-14 11:21:00,,,,,,194516
2495,,,26020351,SN2X1,SN2X1_182173,paper,design1,,,10000.0,2023-11-16 20:29:00,,,,,,182173
2496,,,26020655,SN2X1,SN2X1_149897,paper,design1,,,10000.0,2023-11-18 15:01:00,,,,,,149897
2514,,,25821661,WS60,WS60_239527,paper,design1,,,,2023-11-22 11:11:00,,,,,,239527
2515,,,26051753,VSN2X1,VSN2X1_4330744,electronic,design1,,,10000.0,2023-11-20 10:00:00,,,,,,4330744
2535,,,26110583,SN2X1,SN2X1_180491,paper,design1,,,10000.0,2023-11-29 14:42:00,,,,,,180491
2545,,,26142669,SN2X1,SN2X1_179814,paper,design1,,,10000.0,2023-11-28 17:34:00,,,,,,179814
2575,,,24064295,VWS60,VWS60_2895661,electronic,design1,sold_used,2023-07-16,8500.0,2023-12-04 19:03:00,,2023-07-16,,,,2895661
2589,,,24543213,WS60,WS60_276011,paper,design1,sold_used,2023-08-27,9600.0,2023-06-14 10:56:00,,2023-08-27,,,,276011
2591,,,24543987,VEF30,VEF30_3257296,electronic,design1,,,6200.0,2023-12-06 18:16:00,,,,,,3257296
2610,,,25065921,VSG7,VSG7_3946270,electronic,design1,,,7000.0,2023-12-08 20:12:00,,,,,,3946270
2611,,,25291587,VSG7,VSG7_4171511,electronic,design1,,,7000.0,2023-12-09 14:12:00,,,,,,4171511
2626,,,23778849,TR1,TR1_212055,paper,design1,,,,2023-03-03 19:04:00,,,,,,212055
2629,,,24209199,TR2,TR2_221730,paper,design1,,,,2023-06-05 14:25:00,,,,,,221730
2630,,,24460403,TR2K,TR2K_032026,paper,design1,,,,2023-04-06 11:08:00,,,,,,032026
2632,,,23967057,WS20,WS20_151910,paper,design1,,,,2023-03-30 13:39:00,,,,,,151910
2633,,,24462079,TR2,TR2_153713,paper,design1,,,,2023-05-06 19:00:00,,,,,,153713
2634,,,24989577,WS20,WS20_152353,paper,design1,,,,2023-09-08 10:29:00,,,,,,152353
2637,,,25899441,TR,TR_262244,paper,design1,,,,2023-05-11 20:39:00,,,,,,262244
2638,,,24308797,WS60,WS60_210277,paper,design1,,,,2023-05-16 15:50:00,,,,,,210277
2639,,,24321529,TR2,TR2_153064,paper,design1,,,,2023-05-19 13:42:00,,,,,,153064
2641,,,24370199,TR2,TR2_153452,paper,design1,,,,2023-05-24 20:02:00,,,,,,153452
2642,,,24407599,TR1,TR1_210979,paper,design1,,,,2023-05-31 17:51:00,,,,,,210979
2644,,,24413747,TR2,TR2_153549,paper,design1,,,,2023-05-29 14:53:00,,,,,,153549
2647,,,24656289,TR1,TR1_213366,paper,design1,,,,2023-06-28 23:22:00,,,,,,213366
2648,,,24663991,TR1,TR1_213763-0,paper,design1,,,,2023-06-28 23:23:00,,,,,,213763-0
2657,,,24949815,TR1,TR1_153296,paper,design1,,,,2023-07-30 16:22:00,,,,,,153296
2659,,,25183973,TR,TR_261981,paper,design1,,,,2023-08-29 09:34:00,,,,,,261981
2661,,,24524175,TR1,TR1_220746,paper,design1,,,,2023-06-20 17:46:00,,,,,,220746
2662,,,24525169,TR1,TR1_220871,paper,design1,,,,2023-06-20 17:51:00,,,,,,220871
2665,,,26034025,TR2,TR2_262470,paper,design1,,,,2023-11-18 17:34:00,,,,,,262470
2666,,,26095709,TR2K,TR2K_030117,paper,design1,,,,2023-11-25 12:03:00,,,,,,030117
2668,,,23665131,TR1,TR1_211717,paper,design1,,,,2023-02-14 06:08:00,,,,,,211717
