,id,amo_id,series,number,prefix,code,card_type,design_type,status,stock_status,sale_price,sale_date,expiry_date,card_used_date,created_at,updated_at,deleted_at,activity_value_id
0,,23403789,,138834,KVP1X1,KVP1X1_138834,paper,design1,sold_used,,5000.0,2023-01-04 15:19:00,,,,,,122
1,,23561917,,151326,KVP1X1,KVP1X1_151326,paper,design1,sold_used,,5000.0,2023-01-27 09:42:00,,2023-08-10,,,,122
2,,23665615,,150930,KVP1X1,KVP1X1_150930,paper,design1,sold_used,,5000.0,2023-02-16 16:52:00,,2023-12-10,,,,122
3,,23794517,,68697,KVP1X1,KVP1X1_68697,paper,design1,,,10000.0,2023-03-04 12:40:00,,,,,,122
4,,23825623,,259672,KVP1X1,KVP1X1_259672,paper,design1,sold_used,,5000.0,2023-03-10 19:42:00,,,,,,122
5,,23902297,,145512,KVP1X1,KVP1X1_145512,paper,design1,sold_used,,5000.0,2023-03-22 14:30:00,,,,,,122
6,,23902879,,199463,KVP1X1,KVP1X1_199463,paper,design1,sold_used,,5000.0,2023-03-23 15:54:00,,,,,,122
7,,23922623,,196623,KVP1X1,KVP1X1_196623,paper,design1,sold_used,,5000.0,2023-03-25 18:52:00,,,,,,122
8,,23973519,,193739,KVP1X1,KVP1X1_193739,paper,design1,sold_used,,5000.0,2023-04-01 17:42:00,,,,,,122
9,,24324971,,177017,KVP1X1,KVP1X1_177017,paper,design1,sold_used,,5000.0,2023-05-19 13:59:00,,2023-03-10,,,,122
10,,24389017,,137725,KVP1X1,KVP1X1_137725,paper,design1,sold_used,,5000.0,2023-05-26 08:44:00,,,,,,122
11,,24479765,,165798,KVP1X1,KVP1X1_165798,paper,design1,,,5000.0,2023-06-06 13:42:00,,,,,,122
12,,24918087,,172502,KVP1X1,KVP1X1_172502,paper,design1,,,5000.0,2023-07-27 17:49:00,,,,,,122
13,,25039649,,137700,KVP1X1,KVP1X1_137700,paper,design1,sold_used,,5000.0,2023-08-09 11:45:00,,,,,,122
14,,25044777,,158757,KVP1X1,KVP1X1_158757,paper,design1,,,5000.0,2023-08-11 09:21:00,,,,,,122
15,,25252547,,293302,KVP1X1,KVP1X1_293302,paper,design1,,,5000.0,2023-09-09 11:46:00,,,,,,122
16,,25424339,,297840,KVP1X1,KVP1X1_297840,paper,design1,,,5000.0,2023-09-29 12:50:00,,,,,,122
17,,25527309,,199253,KVP1X1,KVP1X1_199253,paper,design1,sold_used,,5000.0,2023-10-05 11:23:00,,2023-07-10,,,,122
18,,23410089,,155687,RB20,RB20_155687,paper,design1,sold_used,,15000.0,2023-01-12 13:33:00,,2023-03-07,,,,61
19,,23568877,,199006,RB20,RB20_199006,paper,design1,sold_used,,15000.0,2023-01-29 08:29:00,,2023-03-10,,,,61
20,,24640441,,190742,RB20,RB20_190742,paper,design1,,,20000.0,2023-06-27 00:39:00,,,,,,61
21,,23411393,,127813,AT4,AT4_127813,paper,design1,sold_used,,7800.0,2023-01-15 17:28:00,,2023-08-10,,,,82
22,,23569489,,050054,AT4,AT4_050054,paper,design1,sold_used,,,2023-01-28 11:27:00,,,,,,82
23,,23630727,,186037,AT4,AT4_186037,paper,design1,,,3900.0,2023-02-07 18:18:00,,,,,,82
24,,23637617,,141542,AT4,AT4_141542,paper,design1,sold_used,,7800.0,2023-02-08 11:02:00,,,,,,82
25,,23729521,,122114,AT4,AT4_122114,paper,design1,sold_used,,3900.0,2023-02-23 10:46:00,,2023-04-05,,,,82
26,,23797337,,060003,AT4,AT4_060003,paper,design1,sold_used,,3900.0,2023-03-06 11:47:00,,,,,,82
27,,24358913,,276742,AT4,AT4_276742,paper,design1,,,3900.0,2023-05-23 20:07:00,,,,,,82
28,,24442935,,267089,AT4,AT4_267089,paper,design1,,,3900.0,2023-06-03 21:07:00,,,,,,82
29,,24457465,,243489,AT4,AT4_243489,paper,design1,,,3900.0,2023-06-05 18:58:00,,,,,,82
30,,24526979,,197010,AT4,AT4_197010,paper,design1,sold_used,,7800.0,2023-06-10 14:46:00,,2023-03-07,,,,82
31,,24967277,,294482,AT4,AT4_294482,paper,design1,,,3900.0,2023-08-01 19:57:00,,,,,,82
32,,23421175,,155119,KVP2X1,KVP2X1_155119,paper,design1,,,10000.0,2023-01-08 14:52:00,,,,,,124
33,,23526363,,186876,KVP2X1,KVP2X1_186876,paper,design1,,,10000.0,2023-01-23 12:40:00,,,,,,124
34,,23529227,,127532,KVP2X1,KVP2X1_127532,paper,design1,sold_used,,10000.0,2023-01-24 18:42:00,,2023-10-05,,,,124
35,,23558459,,147226,KVP2X1,KVP2X1_147226,paper,design1,sold_used,,10000.0,2023-01-28 09:25:00,,,,,,124
36,,23635807,,190289,KVP2X1,KVP2X1_190289,paper,design1,,,10000.0,2023-02-10 11:03:00,,,,,,124
37,,23652613,,191500,KVP2X1,KVP2X1_191500,paper,design1,sold_used,,10000.0,2023-02-14 06:09:00,,,,,,124
38,,23725217,,135470,KVP2X1,KVP2X1_135470,paper,design1,sold_used,,10000.0,2023-02-22 13:21:00,,,,,,124
39,,23730037,,272697,KVP2X1,KVP2X1_272697,paper,design1,,,10000.0,2023-02-23 18:33:00,,,,,,124
40,,23818981,,144251,KVP2X1,KVP2X1_144251,paper,design1,sold_used,,10000.0,2023-03-09 15:28:00,,,,,,124
41,,23984497,,171412,KVP2X1,KVP2X1_171412,paper,design1,,,10000.0,2023-04-03 14:34:00,,,,,,124
42,,24109097,,258952,KVP2X1,KVP2X1_258952,paper,design1,,,10000.0,2023-04-21 05:38:00,,,,,,124
43,,24314975,,275605,KVP2X1,KVP2X1_275605,paper,design1,sold_used,,10000.0,2023-05-17 13:02:00,,,,,,124
44,,24358573,,230687,KVP2X1,KVP2X1_230687,paper,design1,sold_used,,10000.0,2023-05-23 12:12:00,,,,,,124
45,,24392231,,237345,KVP2X1,KVP2X1_237345,paper,design1,,,10000.0,2023-06-01 09:53:00,,,,,,124
46,,24453283,,141885,KVP2X1,KVP2X1_141885,paper,design1,,,10000.0,2023-06-05 17:14:00,,,,,,124
47,,24443441,,247050,KVP2X1,KVP2X1_247050,paper,design1,sold_used,,10000.0,2023-06-01 13:56:00,,,,,,124
48,,24488556,,297859,KVP2X1,KVP2X1_297859,paper,design1,sold_used,,10000.0,2023-06-07 17:38:00,,,,,,124
49,,24610501,,135349,KVP2X1,KVP2X1_135349,paper,design1,sold_used,,10000.0,2023-06-30 17:25:00,,,,,,124
50,,24890493,,098779,KVP2X1,KVP2X1_098779,paper,design1,sold_used,,10000.0,2023-07-26 18:07:00,,2023-02-09,,,,124
51,,24924655,,295064,KVP2X1,KVP2X1_295064,paper,design1,,,10000.0,2023-07-30 10:52:00,,,,,,124
52,,24965371,,280127,KVP2X1,KVP2X1_280127,paper,design1,sold_used,,10000.0,2023-08-03 17:33:00,,,,,,124
53,,25438755,,217072,KVP2X1,KVP2X1_217072,paper,design1,sold_used,,10000.0,2023-09-30 14:55:00,,,,,,124
54,,25621793,,50079,KVP2X1,KVP2X1_50079,paper,design1,sold_used,,10000.0,2023-10-10 19:12:00,,2023-05-11,,,,124
55,,26066845,,68661,KVP2X1,KVP2X1_68661,paper,design1,,,14000.0,2023-11-24 09:52:00,,,,,,124
56,,23421479,,113264,SKT1,SKT1_113264,paper,design1,,,7000.0,2023-01-09 10:08:00,,,,,,172
57,,23445259,,0118002,SKT1,SKT1_0118002,paper,design1,sold_used,,26000.0,2023-01-12 13:33:00,,,,,,172
58,,24324347,,281957,SKT1,SKT1_281957,paper,design1,,,7000.0,2023-05-17 18:42:00,,,,,,172
59,,23448553,,218511,SN2X,SN2X_218511,paper,design1,,,9000.0,2023-01-12 12:03:00,,,,,,171
60,,25318907,,129544,SN2X,SN2X_129544,paper,design1,,,9000.0,2023-09-17 12:20:00,,,,,,171
61,,25443877,,272967,SN2X,SN2X_272967,paper,design1,,,9000.0,2023-09-29 20:55:00,,,,,,171
62,,26105293,,132385,SN2X,SN2X_132385,paper,design1,,,10000.0,2023-11-29 18:37:00,,,,,,171
63,,23449865,,224364,KA2,KA2_224364,paper,design1,,,2600.0,2023-01-18 12:55:00,,,,,,104
64,,23652039,,285660,KA2,KA2_285660,paper,design1,sold_used,,2600.0,2023-02-12 09:10:00,,2023-02-05,,,,104
65,,23658217,,219173,KA2,KA2_219173,paper,design1,,,2600.0,2023-02-11 10:44:00,,,,,,104
66,,23721929,,229585,KA2,KA2_229585,paper,design1,,,2600.0,2023-02-22 13:49:00,,,,,,104
67,,23723181,,182255,KA2,KA2_182255,paper,design1,,,5200.0,2023-02-22 14:14:00,,,,,,104
68,,23723439,,276235,KA2,KA2_276235,paper,design1,,,2600.0,2023-02-22 12:59:00,,,,,,104
69,,23724611,,137579,KA2,KA2_137579,paper,design1,,,2600.0,2023-02-22 12:14:00,,,,,,104
70,,23729319,,228684,KA2,KA2_228684,paper,design1,sold_used,,2600.0,2023-02-23 10:13:00,,,,,,104
71,,23816617,,263077,KA2,KA2_263077,paper,design1,,,2600.0,2023-03-07 18:39:00,,,,,,104
72,,23898263,,294513,KA2,KA2_294513,paper,design1,,,2600.0,2023-03-20 21:20:00,,,,,,104
73,,24078123,,248156,KA2,KA2_248156,paper,design1,sold_used,,2600.0,2023-04-14 15:39:00,,2023-09-06,,,,104
74,,24060603,,257074,KA2,KA2_257074,paper,design1,,,2600.0,2023-04-13 10:02:00,,,,,,104
75,,24136623,,240255899,KA2,KA2_240255899,paper,design1,,,2600.0,2023-04-24 14:39:00,,,,,,104
76,,24608631,,31124,KA2,KA2_31124,paper,design1,,,2600.0,2023-06-21 10:16:00,,,,,,104
77,,24611471,,91861,KA2,KA2_91861,paper,design1,,,3000.0,2023-06-26 11:13:00,,,,,,104
78,,24616241,,272984,KA2,KA2_272984,paper,design1,sold_used,,3000.0,2023-06-24 10:16:00,,,,,,104
79,,24626783,,61787,KA2,KA2_61787,paper,design1,sold_used,,6000.0,2023-06-23 21:07:00,,,,,,104
80,,24457405,,76983,KA2,KA2_76983,paper,design1,,,3000.0,2023-06-27 00:38:00,,,,,,104
81,,24708427,,27943,KA2,KA2_27943,paper,design1,,,3000.0,2023-07-05 09:34:00,,,,,,104
82,,24793683,,33667,KA2,KA2_33667,paper,design1,sold_used,,3000.0,2023-07-12 11:27:00,,,,,,104
83,,24899855,,36298,KA2,KA2_36298,paper,design1,,,3000.0,2023-07-27 23:51:00,,,,,,104
84,,24918947,,284379,KA2,KA2_284379,paper,design1,sold_used,,2600.0,2023-07-28 22:04:00,,,,,,104
85,,24985913,,258902,KA2,KA2_258902,paper,design1,sold_used,,3000.0,2023-08-09 10:29:00,,,,,,104
86,,25052697,,47369,KA2,KA2_47369,paper,design1,,,3000.0,2023-08-10 16:11:00,,,,,,104
87,,25166691,,20351,KA2,KA2_20351,paper,design1,,,3000.0,2023-08-30 00:43:00,,,,,,104
88,,25215815,,66061,KA2,KA2_66061,paper,design1,,,3000.0,2023-09-01 14:19:00,,,,,,104
89,,25260851,,93600,KA2,KA2_93600,paper,design1,sold_used,,3000.0,2023-09-11 09:51:00,,,,,,104
90,,25302545,,4139904,KA2,KA2_4139904,paper,design1,,,3000.0,2023-09-13 20:25:00,,,,,,104
91,,25389085,,267115,KA2,KA2_267115,paper,design1,,,3000.0,2023-09-25 14:40:00,,,,,,104
92,,25446025,,77468,KA2,KA2_77468,paper,design1,,,3000.0,2023-09-30 09:25:00,,,,,,104
93,,25533951,,72808,KA2,KA2_72808,paper,design1,,,3000.0,2023-10-05 15:28:00,,,,,,104
94,,25617231,,269661,KA2,KA2_269661,paper,design1,,,3000.0,2023-10-09 21:39:00,,,,,,104
95,,25964433,,43007,KA2,KA2_43007,paper,design1,,,3000.0,2023-11-13 14:41:00,,,,,,104
96,,25991399,,0(KA2)113308,KA2,KA2_0(KA2)113308,paper,design1,,,3000.0,2023-11-15 13:45:00,,,,,,104
97,,23497421,,1148771,SN1X,SN1X_1148771,paper,design1,,,5000.0,2023-01-19 15:12:00,,,,,,170
98,,23665353,,171955,SN1X,SN1X_171955,paper,design1,,,5000.0,2023-02-16 16:52:00,,,,,,170
99,,23713729,,192640,SN1X,SN1X_192640,paper,design1,sold_used,,5000.0,2023-02-22 20:45:00,,2023-10-03,,,,170
100,,26010147,,151727,SN1X,SN1X_151727,paper,design1,,,5500.0,2023-11-16 19:26:00,,,,,,170
101,,26139623,,199622,SN1X,SN1X_199622,paper,design1,,,5000.0,2023-12-02 22:29:00,,,,,,170
102,,26139797,,184479,SN1X,SN1X_184479,paper,design1,,,5000.0,2023-12-02 22:30:00,,,,,,170
103,,23502729,,211827,WS40,WS40_211827,paper,design1,,,6000.0,2023-01-19 09:43:00,,,,,,3
104,,23707589,,230029,WS40,WS40_230029,paper,design1,sold_used,,6000.0,2023-02-20 22:45:00,,,,,,3
105,,23719721,,210129289,WS40,WS40_210129289,paper,design1,sold_used,,6000.0,2023-02-22 12:03:00,,,,,,3
106,,23721039,,293964,WS40,WS40_293964,paper,design1,sold_used,,6400.0,2023-02-22 15:59:00,,,,,,3
107,,23751513,,292397,WS40,WS40_292397,paper,design1,,,6000.0,2023-02-27 14:39:00,,,,,,3
108,,23790455,,2690945,WS40,WS40_2690945,paper,design1,sold_used,,6000.0,2023-03-03 18:19:00,,,,,,3
109,,23796525,,287464,WS40,WS40_287464,paper,design1,sold_used,,6000.0,2023-03-09 15:57:00,,2023-12-08,,,,3
110,,24396861,,296014,WS40,WS40_296014,paper,design1,sold_used,,6000.0,2023-05-27 14:40:00,,,,,,3
111,,24514453,,212251,WS40,WS40_212251,paper,design1,sold_used,,6000.0,2023-06-14 07:44:00,,,,,,3
112,,24523985,,220958,WS40,WS40_220958,paper,design1,,,7500.0,2023-06-10 15:15:00,,,,,,3
113,,24524175,,276365,WS40,WS40_276365,paper,design1,,,6000.0,2023-06-20 17:46:00,,,,,,3
114,,24525169,,277709,WS40,WS40_277709,paper,design1,,,6000.0,2023-06-20 17:51:00,,,,,,3
115,,24611547,,257426,WS40,WS40_257426,paper,design1,,,6000.0,2023-06-24 18:15:00,,,,,,3
116,,24615849,,289995,WS40,WS40_289995,paper,design1,sold_used,,6000.0,2023-06-24 10:14:00,,,,,,3
117,,24649213,,277550,WS40,WS40_277550,paper,design1,sold_used,,6000.0,2023-06-28 16:49:00,,,,,,3
118,,24754809,,240258,WS40,WS40_240258,paper,design1,,,6000.0,2023-07-07 20:17:00,,,,,,3
119,,24807245,,275928,WS40,WS40_275928,paper,design1,,,6000.0,2023-07-17 12:29:00,,,,,,3
120,,24854545,,237329,WS40,WS40_237329,paper,design1,,,6000.0,2023-07-25 18:54:00,,,,,,3
121,,24901233,,277268,WS40,WS40_277268,paper,design1,,,6000.0,2023-07-27 14:40:00,,,,,,3
122,,25100973,,210167,WS40,WS40_210167,paper,design1,sold_used,,7500.0,2023-08-20 22:10:00,,2023-01-10,,,,3
123,,25197379,,296016,WS40,WS40_296016,paper,design1,,,6000.0,2023-09-01 12:53:00,,,,,,3
124,,23504939,,255338,WS30,WS30_255338,paper,design1,sold_used,,4500.0,2023-01-20 11:59:00,,2023-03-09,,,,4
125,,23596239,,239328,WS30,WS30_239328,paper,design1,,,4500.0,2023-02-02 14:53:00,,,,,,4
126,,23676913,,290088,WS30,WS30_290088,paper,design1,,,4500.0,2023-02-15 23:08:00,,,,,,4
127,,23719323,,241374,WS30,WS30_241374,paper,design1,sold_used,,4500.0,2023-02-22 15:24:00,,,,,,4
128,,23873785,,252418,WS30,WS30_252418,paper,design1,,,4500.0,2023-03-21 09:29:00,,,,,,4
129,,23882253,,279168,WS30,WS30_279168,paper,design1,,,4500.0,2023-03-16 17:11:00,,,,,,4
130,,24000379,,217330,WS30,WS30_217330,paper,design1,,,4500.0,2023-04-04 14:21:00,,,,,,4
131,,24120549,,233856,WS30,WS30_233856,paper,design1,sold_used,,4500.0,2023-04-21 14:57:00,,,,,,4
132,,24207679,,272723,WS30,WS30_272723,paper,design1,,,4500.0,2023-05-04 11:45:00,,,,,,4
133,,24209199,,294296,WS30,WS30_294296,paper,design1,sold_used,,4500.0,2023-05-06 14:25:00,,2023-11-08,,,,4
134,,24285079,,297656,WS30,WS30_297656,paper,design1,,,4500.0,2023-05-12 15:30:00,,,,,,4
135,,24285861,,211897,WS30,WS30_211897,paper,design1,sold_used,,4500.0,2023-05-13 00:48:00,,,,,,4
136,,24295901,,294503,WS30,WS30_294503,paper,design1,,,4500.0,2023-05-15 13:13:00,,,,,,4
137,,24310757,,243986,WS30,WS30_243986,paper,design1,sold_used,,4500.0,2023-05-17 20:09:00,,,,,,4
138,,24312717,,277875,WS30,WS30_277875,paper,design1,,,4500.0,2023-05-16 15:48:00,,,,,,4
139,,24323277,,34222,WS30,WS30_34222,paper,design1,,,4500.0,2023-05-19 16:03:00,,,,,,4
140,,24413747,,256300,WS30,WS30_256300,paper,design1,sold_used,,4500.0,2023-05-29 14:53:00,,2023-03-09,,,,4
141,,24417659,,286345,WS30,WS30_286345,paper,design1,sold_used,,4500.0,2023-05-30 19:08:00,,,,,,4
142,,24437239,,223649,WS30,WS30_223649,paper,design1,,,4500.0,2023-05-31 19:36:00,,,,,,4
143,,24460403,,35255,WS30,WS30_35255,paper,design1,,,4500.0,2023-06-04 11:08:00,,,,,,4
144,,24462079,,53508,WS30,WS30_53508,paper,design1,,,4500.0,2023-06-05 19:00:00,,,,,,4
145,,24511935,,24390,WS30,WS30_24390,paper,design1,sold_used,,4500.0,2023-06-10 12:22:00,,2023-07-08,,,,4
146,,24521673,,220866,WS30,WS30_220866,paper,design1,sold_used,,4500.0,2023-06-09 09:55:00,,,,,,4
147,,24527773,,229971,WS30,WS30_229971,paper,design1,sold_used,,4500.0,2023-06-09 17:14:00,,,,,,4
148,,24556735,,290250,WS30,WS30_290250,paper,design1,sold_used,,5300.0,2023-06-15 10:37:00,,,,,,4
149,,24595337,,78279,WS30,WS30_78279,paper,design1,,,4500.0,2023-06-19 15:34:00,,,,,,4
150,,24580153,,290548,WS30,WS30_290548,paper,design1,,,4500.0,2023-06-19 17:54:00,,,,,,4
151,,24580175,,255156,WS30,WS30_255156,paper,design1,,,4500.0,2023-06-19 17:54:00,,,,,,4
152,,24599637,,25673,WS30,WS30_25673,paper,design1,sold_used,,4500.0,2023-06-20 18:06:00,,,,,,4
153,,24604611,,15545,WS30,WS30_15545,paper,design1,sold_used,,4500.0,2023-06-21 15:45:00,,,,,,4
154,,24611905,,223794,WS30,WS30_223794,paper,design1,sold_used,,4500.0,2023-06-26 11:13:00,,2023-06-08,,,,4
155,,24632319,,170488,WS30,WS30_170488,paper,design1,sold_used,,5300.0,2023-06-23 21:09:00,,,,,,4
156,,24663991,,15133097,WS30,WS30_15133097,paper,design1,,,4500.0,2023-06-28 23:23:00,,,,,,4
157,,24713389,,171615,WS30,WS30_171615,paper,design1,sold_used,,5300.0,2023-07-05 22:03:00,,,,,,4
158,,24730583,,197127,WS30,WS30_197127,paper,design1,sold_used,,5300.0,2023-07-08 14:42:00,,2023-06-08,,,,4
159,,24901319,,280034,WS30,WS30_280034,paper,design1,,,4500.0,2023-07-27 23:52:00,,,,,,4
160,,25010135,,245528,WS30,WS30_245528,paper,design1,,,4500.0,2023-08-09 13:50:00,,,,,,4
161,,25045555,,215482,WS30,WS30_215482,paper,design1,,,4500.0,2023-08-11 09:20:00,,,,,,4
162,,25153589,,280965,WS30,WS30_280965,paper,design1,,,4500.0,2023-08-26 15:13:00,,,,,,4
163,,25899441,,37325,WS30,WS30_37325,paper,design1,,,4500.0,2023-11-05 20:39:00,,,,,,4
164,,25956059,,243776,WS30,WS30_243776,paper,design1,,,4500.0,2023-11-11 12:10:00,,,,,,4
165,,23513149,,191334,CW1,CW1_191334,paper,design1,sold_used,,4500.0,2023-01-20 13:54:00,,,,,,99
166,,23623467,,143687,CW1,CW1_143687,paper,design1,,,4500.0,2023-02-08 10:19:00,,,,,,99
167,,23665131,,237318,CW1,CW1_237318,paper,design1,sold_used,,4500.0,2023-02-14 06:08:00,,,,,,99
168,,23714709,,171182,CW1,CW1_171182,paper,design1,sold_used,,4500.0,2023-02-22 13:38:00,,2023-04-05,,,,99
169,,23778849,,269598,CW1,CW1_269598,paper,design1,sold_used,,4500.0,2023-03-03 19:04:00,,,,,,99
170,,23801865,,278023,CW1,CW1_278023,paper,design1,sold_used,,4500.0,2023-03-09 01:46:00,,2023-02-07,,,,99
171,,23810513,,216987,CW1,CW1_216987,paper,design1,,,4500.0,2023-03-09 15:57:00,,,,,,99
172,,23884697,,185838,CW1,CW1_185838,paper,design1,,,4500.0,2023-03-17 16:09:00,,,,,,99
173,,23970169,,212212,CW1,CW1_212212,paper,design1,,,4500.0,2023-04-01 13:10:00,,,,,,99
174,,24350347,,249823,CW1,CW1_249823,paper,design1,,,4500.0,2023-05-23 12:28:00,,,,,,99
175,,24370199,,275055,CW1,CW1_275055,paper,design1,sold_used,,4500.0,2023-05-24 20:02:00,,2023-09-09,,,,99
176,,24464305,,232036,CW1,CW1_232036,paper,design1,,,4500.0,2023-06-04 19:31:00,,,,,,99
177,,24678905,,164992,CW1,CW1_164992,paper,design1,,,4500.0,2023-07-04 15:40:00,,,,,,99
178,,24718623,,2113432034,CW1,CW1_2113432034,paper,design1,,,4500.0,2023-07-08 14:41:00,,,,,,99
179,,24779567,,1294790,CW1,CW1_1294790,paper,design1,,,4500.0,2023-07-11 14:50:00,,,,,,99
180,,24819515,,150694,CW1,CW1_150694,paper,design1,,,4500.0,2023-07-18 12:18:00,,,,,,99
181,,24910631,,143554,CW1,CW1_143554,paper,design1,,,4500.0,2023-07-27 23:54:00,,,,,,99
182,,24949815,,246046,CW1,CW1_246046,paper,design1,,,4500.0,2023-07-30 16:22:00,,,,,,99
183,,25108227,,242949,CW1,CW1_242949,paper,design1,,,4500.0,2023-08-21 19:15:00,,,,,,99
184,,25155427,,144694,CW1,CW1_144694,paper,design1,,,4500.0,2023-08-26 15:10:00,,,,,,99
185,,25183973,,182454,CW1,CW1_182454,paper,design1,,,4500.0,2023-08-29 09:34:00,,,,,,99
186,,25418131,,263548,CW1,CW1_263548,paper,design1,,,4500.0,2023-09-29 12:51:00,,,,,,99
187,,25541327,,230023,CW1,CW1_230023,paper,design1,,,4500.0,2023-10-05 11:06:00,,,,,,99
188,,25748325,,247984,CW1,CW1_247984,paper,design1,,,4500.0,2023-10-22 09:27:00,,,,,,99
189,,25905391,,269964,CW1,CW1_269964,paper,design1,,,4500.0,2023-11-06 21:05:00,,,,,,99
190,,26034025,,233799,CW1,CW1_233799,paper,design1,,,4500.0,2023-11-18 17:34:00,,,,,,99
191,,26036943,,119345,CW1,CW1_119345,paper,design1,,,4500.0,2023-11-19 12:59:00,,,,,,99
192,,23514249,,240405,AT6,AT6_240405,paper,design1,,,5600.0,2023-01-20 16:57:00,,,,,,83
193,,23720695,,297630,AT6,AT6_297630,paper,design1,,,5600.0,2023-02-22 07:24:00,,,,,,83
194,,23729985,,281367,AT6,AT6_281367,paper,design1,,,5600.0,2023-02-23 11:53:00,,,,,,83
195,,23731885,,130704,AT6,AT6_130704,paper,design1,sold_used,,5600.0,2023-02-23 18:34:00,,2023-04-05,,,,83
196,,23735885,,222609,AT6,AT6_222609,paper,design1,,,5600.0,2023-02-25 00:43:00,,,,,,83
197,,23833789,,274479,AT6,AT6_274479,paper,design1,sold_used,,5600.0,2023-03-10 22:04:00,,,,,,83
198,,23906061,,213999,AT6,AT6_213999,paper,design1,sold_used,,11200.0,2023-03-22 07:50:00,,,,,,83
199,,24103527,,139166,AT6,AT6_139166,paper,design1,,,10800.0,2023-04-21 05:35:00,,,,,,83
200,,24209805,,047940,AT6,AT6_047940,paper,design1,,,5600.0,2023-05-06 11:41:00,,,,,,83
201,,24225755,,094708,AT6,AT6_094708,paper,design1,,,5600.0,2023-05-07 09:25:00,,,,,,83
202,,24341835,,266402,AT6,AT6_266402,paper,design1,sold_used,,5600.0,2023-05-19 13:37:00,,,,,,83
203,,24757919,,213390,AT6,AT6_213390,paper,design1,,,5600.0,2023-07-09 20:27:00,,,,,,83
204,,25675401,,223120,AT6,AT6_223120,paper,design1,,,5600.0,2023-10-16 17:02:00,,,,,,83
205,,26097283,,228110,AT6,AT6_228110,paper,design1,,,5600.0,2023-12-03 12:24:00,,,,,,83
206,,23541275,,224821,DRC2H,DRC2H_224821,paper,design1,sold_used,,19900.0,2023-01-25 17:58:00,,2023-09-02,,,,79
207,,23616095,,176637,DRC2H,DRC2H_176637,paper,design1,sold_used,,19900.0,2023-02-05 13:13:00,,,,,,79
208,,23794311,,119404,DRC2H,DRC2H_119404,paper,design1,sold_used,,19900.0,2023-03-04 18:21:00,,2023-03-09,,,,79
209,,23987093,,157862,DRC2H,DRC2H_157862,paper,design1,,,19900.0,2023-04-01 18:08:00,,,,,,79
210,,24338265,,184307,DRC2H,DRC2H_184307,paper,design1,sold_used,,19900.0,2023-05-25 15:56:00,,,,,,79
211,,24512861,,110719,DRC2H,DRC2H_110719,paper,design1,,,19900.0,2023-06-09 11:06:00,,,,,,79
212,,24731267,,132708,DRC2H,DRC2H_132708,paper,design1,,,19900.0,2023-07-06 14:15:00,,,,,,79
213,,25487191,,168825,DRC2H,DRC2H_168825,paper,design1,,,19900.0,2023-10-04 10:53:00,,,,,,79
214,,25748605,,156303,DRC2H,DRC2H_156303,paper,design1,,,34900.0,2023-10-20 22:43:00,,,,,,79
215,,25721151,,273593,DRC2H,DRC2H_273593,paper,design1,sold_used,,19900.0,2023-10-19 17:45:00,,,,,,79
216,,23558179,,V265771,RC,RC_V265771,paper,design1,,,27000.0,2023-01-28 09:24:00,,,,,,74
217,,23694043,,136008,RC,RC_136008,paper,design1,,,22000.0,2023-02-21 15:14:00,,,,,,74
218,,23563699,,KH258301,BG,BG_KH258301,paper,design1,sold_used,,3750.0,2023-01-29 22:10:00,,2023-08-06,,,,90
219,,23707267,,271472,BG,BG_271472,paper,design1,sold_used,,5000.0,2023-02-20 09:41:00,,,,,,90
220,,23718601,,H233667,BG,BG_H233667,paper,design1,,,50000.0,2023-02-21 14:15:00,,,,,,90
221,,23718677,,H232019,BG,BG_H232019,paper,design1,sold_used,,3750.0,2023-02-21 14:11:00,,2023-08-06,,,,90
222,,23718687,,H268688,BG,BG_H268688,paper,design1,,,3750.0,2023-02-21 14:12:00,,,,,,90
223,,23718699,,H272385,BG,BG_H272385,paper,design1,,,3750.0,2023-02-21 14:13:00,,,,,,90
224,,23718711,,H169898,BG,BG_H169898,paper,design1,,,,2023-02-21 14:15:00,,,,,,90
225,,24733567,,213469,BG,BG_213469,paper,design1,,,11500.0,2023-07-11 15:01:00,,,,,,90
226,,24815607,,234189,BG,BG_234189,paper,design1,,,12000.0,2023-07-17 12:46:00,,,,,,90
227,,25158327,,211041,BG,BG_211041,paper,design1,,,6000.0,2023-08-25 16:29:00,,,,,,90
228,,25671697,,126089,BG,BG_126089,paper,design1,,,6000.0,2023-10-25 13:25:00,,,,,,90
229,,23575407,,167234,ED3H,ED3H_167234,paper,design1,sold_used,,17000.0,2023-02-09 08:45:00,,,,,,80
230,,24887795,,139279,ED3H,ED3H_139279,paper,design1,,,17000.0,2023-07-25 11:41:00,,,,,,80
231,,23580385,,213421,KA4,KA4_213421,paper,design1,,,5200.0,2023-02-05 21:14:00,,,,,,105
232,,23598009,,213697,KA4,KA4_213697,paper,design1,,,5200.0,2023-02-02 14:54:00,,,,,,105
233,,23627503,,213526,KA4,KA4_213526,paper,design1,sold_used,,5200.0,2023-02-06 18:44:00,,2023-03-07,,,,105
234,,23713593,,278530,KA4,KA4_278530,paper,design1,sold_used,,5200.0,2023-02-22 14:15:00,,2023-09-09,,,,105
235,,23716727,,145840,KA4,KA4_145840,paper,design1,,,10400.0,2023-02-21 17:54:00,,,,,,105
236,,23716823,,141308,KA4,KA4_141308,paper,design1,,,5200.0,2023-02-21 17:56:00,,,,,,105
237,,23716881,,167925,KA4,KA4_167925,paper,design1,,,5200.0,2023-02-21 17:56:00,,,,,,105
238,,23716895,,133695,KA4,KA4_133695,paper,design1,,,5200.0,2023-02-21 18:05:00,,,,,,105
239,,23724689,,148845,KA4,KA4_148845,paper,design1,sold_used,,5200.0,2023-07-15 23:24:00,,2023-09-07,,,,105
240,,23736397,,193723,KA4,KA4_193723,paper,design1,,,5200.0,2023-02-25 00:42:00,,,,,,105
241,,23725647,,262615,KA4,KA4_262615,paper,design1,sold_used,,5200.0,2023-02-27 10:30:00,,,,,,105
242,,23760001,,271913,KA4,KA4_271913,paper,design1,,,10400.0,2023-03-12 02:24:00,,,,,,105
243,,23845273,,254034,KA4,KA4_254034,paper,design1,,,5200.0,2023-03-12 02:23:00,,,,,,105
244,,24742271,,262471,KA4,KA4_262471,paper,design1,sold_used,,5200.0,2023-07-06 19:39:00,,2023-06-07,,,,105
245,,23987233,,278259,KA4,KA4_278259,paper,design1,,,5200.0,2023-04-01 17:40:00,,,,,,105
246,,24149475,,181121,KA4,KA4_181121,paper,design1,sold_used,,5200.0,2023-04-27 14:47:00,,2023-03-06,,,,105
247,,24210153,,222232,KA4,KA4_222232,paper,design1,,,5200.0,2023-05-07 16:05:00,,,,,,105
248,,24242469,,195424,KA4,KA4_195424,paper,design1,sold_used,,5500.0,2023-05-10 13:56:00,,,,,,105
249,,24646105,,228465,KA4,KA4_228465,paper,design1,,,11000.0,2023-06-27 00:42:00,,,,,,105
250,,24646167,,263075,KA4,KA4_263075,paper,design1,,,5200.0,2023-06-27 00:43:00,,,,,,105
251,,24665911,,265470,KA4,KA4_265470,paper,design1,,,5500.0,2023-06-29 09:13:00,,,,,,105
252,,24677925,,225444,KA4,KA4_225444,paper,design1,,,5500.0,2023-06-29 15:48:00,,,,,,105
253,,24694159,,264053,KA4,KA4_264053,paper,design1,,,5500.0,2023-07-04 16:06:00,,,,,,105
254,,24740391,,234689,KA4,KA4_234689,paper,design1,,,5500.0,2023-07-08 14:46:00,,,,,,105
255,,24788049,,288397,KA4,KA4_288397,paper,design1,,,5200.0,2023-07-11 15:02:00,,,,,,105
256,,24798737,,283751,KA4,KA4_283751,paper,design1,,,5500.0,2023-07-13 02:19:00,,,,,,105
257,,24917577,,264322,KA4,KA4_264322,paper,design1,,,5500.0,2023-07-27 17:37:00,,,,,,105
258,,24985729,,291779,KA4,KA4_291779,paper,design1,sold_used,,5500.0,2023-08-09 10:29:00,,,,,,105
259,,24775309,,231682,KA4,KA4_231682,paper,design1,sold_used,,5500.0,2023-07-11 12:38:00,,2023-04-09,,,,105
260,,25078309,,52380,KA4,KA4_52380,paper,design1,,,5500.0,2023-08-20 02:55:00,,,,,,105
261,,25080999,,32047,KA4,KA4_32047,paper,design1,,,5500.0,2023-08-16 08:30:00,,,,,,105
262,,25142063,,290061,KA4,KA4_290061,paper,design1,sold_used,,5500.0,2023-08-23 08:39:00,,,,,,105
263,,25131341,,24365,KA4,KA4_24365,paper,design1,,,5500.0,2023-08-23 12:25:00,,,,,,105
264,,25196309,,85751,KA4,KA4_85751,paper,design1,,,5500.0,2023-09-01 12:54:00,,,,,,105
265,,25239005,,64931,KA4,KA4_64931,paper,design1,sold_used,,5500.0,2023-09-06 11:17:00,,,,,,105
266,,25267977,,59947,KA4,KA4_59947,paper,design1,,,5500.0,2023-09-12 14:16:00,,,,,,105
267,,25269385,,270131,KA4,KA4_270131,paper,design1,,,12500.0,2023-09-12 14:16:00,,,,,,105
268,,25302285,,4154430,KA4,KA4_4154430,paper,design1,,,5500.0,2023-09-13 19:24:00,,,,,,105
269,,25553747,,54536,KA4,KA4_54536,paper,design1,,,5500.0,2023-10-09 09:44:00,,,,,,105
270,,25797511,,30001,KA4,KA4_30001,paper,design1,,,5500.0,2023-10-26 16:52:00,,,,,,105
271,,25988141,,64089,KA4,KA4_64089,paper,design1,,,5500.0,2023-11-15 17:43:00,,,,,,105
272,,23594083,,125315,KV1X1,KV1X1_125315,paper,design1,,,4500.0,2023-02-03 01:20:00,,,,,,121
273,,23678319,,138938,KV1X1,KV1X1_138938,paper,design1,sold_used,,4500.0,2023-02-17 23:18:00,,,,,,121
274,,23717171,,296254,KV1X1,KV1X1_296254,paper,design1,sold_used,,,2023-10-24 15:58:00,,,,,,121
275,,23772175,,162569,KV1X1,KV1X1_162569,paper,design1,,,9000.0,2023-03-04 17:35:00,,,,,,121
276,,23796679,,191817,KV1X1,KV1X1_191817,paper,design1,,,4500.0,2023-03-04 17:35:00,,,,,,121
277,,24071955,,130197,KV1X1,KV1X1_130197,paper,design1,,,4500.0,2023-04-13 18:21:00,,,,,,121
278,,24071959,,188321,KV1X1,KV1X1_188321,paper,design1,,,4500.0,2023-04-13 18:24:00,,,,,,121
279,,24641625,,130531,KV1X1,KV1X1_130531,paper,design1,,,4500.0,2023-06-27 00:39:00,,,,,,121
280,,24776441,,113053,KV1X1,KV1X1_113053,paper,design1,sold_used,,4500.0,2023-07-11 14:43:00,,2023-09-09,,,,121
281,,24864921,,136980,KV1X1,KV1X1_136980,paper,design1,,,4500.0,2023-07-27 23:49:00,,,,,,121
282,,25187925,,140000,KV1X1,KV1X1_140000,paper,design1,,,4500.0,2023-08-31 15:02:00,,,,,,121
283,,25237365,,187272,KV1X1,KV1X1_187272,paper,design1,,,4500.0,2023-09-08 12:59:00,,,,,,121
284,,25487779,,290763,KV1X1,KV1X1_290763,paper,design1,,,5000.0,2023-10-04 10:53:00,,,,,,121
285,,25679281,,218642,KV1X1,KV1X1_218642,paper,design1,,,6000.0,2023-10-15 18:00:00,,,,,,121
286,,23611933,,095890,GR1,GR1_095890,paper,design1,,,3500.0,2023-02-04 15:04:00,,,,,,94
287,,23647083,,025344,GR1,GR1_025344,paper,design1,,,3500.0,2023-02-11 13:41:00,,,,,,94
288,,23709449,,011408,GR1,GR1_011408,paper,design1,,,3500.0,2023-02-21 17:00:00,,,,,,94
289,,23720173,,059053,GR1,GR1_059053,paper,design1,sold_used,,3500.0,2023-02-22 12:02:00,,2023-08-08,,,,94
290,,23723747,,054311,GR1,GR1_054311,paper,design1,sold_used,,3500.0,2023-02-23 09:34:00,,,,,,94
291,,24376089,,X1051181,GR1,GR1_X1051181,paper,design1,sold_used,,3500.0,2023-05-23 20:10:00,,2023-05-06,,,,94
292,,24517721,,175679,GR1,GR1_175679,paper,design1,,,3500.0,2023-06-09 18:17:00,,,,,,94
293,,25714877,,054033,GR1,GR1_054033,paper,design1,,,3800.0,2023-10-21 11:19:00,,,,,,94
294,,25750175,,155590,GR1,GR1_155590,paper,design1,,,3800.0,2023-10-23 17:28:00,,,,,,94
295,,23624295,,229016,DT60,DT60_229016,paper,design1,sold_used,,30000.0,2023-02-08 10:19:00,,,,,,135
296,,23627015,,282777,DT60,DT60_282777,paper,design1,sold_used,,30000.0,2023-02-07 18:19:00,,,,,,135
297,,23627023,,226058,DT60,DT60_226058,paper,design1,sold_used,,30000.0,2023-02-07 18:19:00,,,,,,135
298,,23627035,,251263,DT60,DT60_251263,paper,design1,sold_used,,30000.0,2023-02-07 18:19:00,,,,,,135
299,,24463439,,289807,DT60,DT60_289807,paper,design1,sold_used,,7500.0,2023-06-05 19:00:00,,2023-07-06,,,,135
300,,25801949,,234577,DT60,DT60_234577,paper,design1,,,7500.0,2023-10-25 20:38:00,,,,,,135
301,,25892581,,271673,DT60,DT60_271673,paper,design1,,,7500.0,2023-11-05 11:03:00,,,,,,135
302,,24913421,,263391,WTF2,WTF2_263391,paper,design1,sold_used,,23456.0,2023-07-27 10:33:00,,,,,,182
303,,23653805,,291425,WTF2,WTF2_291425,paper,design1,,,23456.0,2023-02-11 12:59:00,,,,,,182
304,,23707071,,263865,WTF2,WTF2_263865,paper,design1,,,23456.0,2023-02-21 14:58:00,,,,,,182
305,,23717211,,195282,WTF2,WTF2_195282,paper,design1,,,23456.0,2023-02-22 12:04:00,,,,,,182
306,,23885569,,276726,WTF2,WTF2_276726,paper,design1,,,23456.0,2023-03-19 14:46:00,,,,,,182
307,,24162883,,173927,WTF2,WTF2_173927,paper,design1,,,23456.0,2023-04-27 14:48:00,,,,,,182
308,,24170310,,098764,WTF2,WTF2_098764,paper,design1,,,23456.0,2023-04-28 21:05:00,,,,,,182
309,,24207485,,287127,WTF2,WTF2_287127,paper,design1,sold_used,,23456.0,2023-05-04 19:24:00,,,,,,182
310,,24640821,,136997,WTF2,WTF2_136997,paper,design1,,,23456.0,2023-06-24 14:18:00,,,,,,182
311,,24655485,,228292,WTF2,WTF2_228292,paper,design1,,,23456.0,2023-06-27 18:39:00,,,,,,182
312,,24691701,,241192,WTF2,WTF2_241192,paper,design1,,,23456.0,2023-07-01 15:16:00,,,,,,182
313,,24738525,,268372,WTF2,WTF2_268372,paper,design1,,,23456.0,2023-07-09 20:27:00,,,,,,182
314,,24997161,,217645,WTF2,WTF2_217645,paper,design1,,,23456.0,2023-08-05 22:25:00,,,,,,182
315,,25167487,,175143,WTF2,WTF2_175143,paper,design1,,,23456.0,2023-08-27 20:05:00,,,,,,182
316,,25339675,,12954,WTF2,WTF2_12954,paper,design1,,,23456.0,2023-09-18 17:15:00,,,,,,182
317,,25739449,,230930,WTF2,WTF2_230930,paper,design1,,,23456.0,2023-10-20 22:39:00,,,,,,182
318,,25881419,,287282,WTF2,WTF2_287282,paper,design1,,,23456.0,2023-11-03 22:14:00,,,,,,182
319,,23634787,,299939,MF30,MF30_299939,paper,design1,sold_used,,5500.0,2023-02-08 10:09:00,,2023-01-09,,,,11
320,,23748665,,272479,MF30,MF30_272479,paper,design1,,,11000.0,2023-02-27 14:44:00,,,,,,11
321,,23751983,,280585,MF30,MF30_280585,paper,design1,,,5500.0,2023-02-27 14:44:00,,,,,,11
322,,23756947,,250649,MF30,MF30_250649,paper,design1,,,7500.0,2023-02-28 23:25:00,,,,,,11
323,,23787591,,21111506,MF30,MF30_21111506,paper,design1,,,10000.0,2023-03-05 21:36:00,,,,,,11
324,,23801843,,233084,MF30,MF30_233084,paper,design1,,,5500.0,2023-03-05 22:47:00,,,,,,11
325,,24028927,,284013,MF30,MF30_284013,paper,design1,sold_used,,5500.0,2023-04-08 19:19:00,,,,,,11
326,,24075431,,275792,MF30,MF30_275792,paper,design1,,,5500.0,2023-04-15 22:13:00,,,,,,11
327,,24214499,,255357,MF30,MF30_255357,paper,design1,sold_used,,11000.0,2023-05-04 13:48:00,,2023-12-08,,,,11
328,,24214637,,259180,MF30,MF30_259180,paper,design1,sold_used,,5500.0,2023-05-06 11:42:00,,2023-12-08,,,,11
329,,24217223,,217973,MF30,MF30_217973,paper,design1,sold_used,,5500.0,2023-05-04 18:28:00,,2023-06-08,,,,11
330,,24240145,,233388,MF30,MF30_233388,paper,design1,sold_used,,5500.0,2023-05-09 20:19:00,,,,,,11
331,,24259523,,242971,MF30,MF30_242971,paper,design1,,,,2023-05-10 15:53:00,,,,,,11
332,,24262871,,197508,MF30,MF30_197508,paper,design1,,,5500.0,2023-05-15 19:50:00,,,,,,11
333,,24288521,,237943,MF30,MF30_237943,paper,design1,,,5500.0,2023-05-16 13:54:00,,,,,,11
334,,24383631,,286049,MF30,MF30_286049,paper,design1,sold_used,,5500.0,2023-05-26 08:44:00,,,,,,11
335,,24432999,,235902,MF30,MF30_235902,paper,design1,,,12600.0,2023-06-02 12:11:00,,,,,,11
336,,24433167,,292180,MF30,MF30_292180,paper,design1,,,5500.0,2023-06-02 12:08:00,,,,,,11
337,,24460113,,283425,MF30,MF30_283425,paper,design1,,,6300.0,2023-06-03 21:11:00,,,,,,11
338,,24526869,,224724,MF30,MF30_224724,paper,design1,sold_used,,10400.0,2023-06-10 14:46:00,,,,,,11
339,,24542107,,68107,MF30,MF30_68107,paper,design1,,,6300.0,2023-06-12 20:45:00,,,,,,11
340,,24569249,,247428,MF30,MF30_247428,paper,design1,,,4300.0,2023-06-16 18:43:00,,,,,,11
341,,24643331,,250604,MF30,MF30_250604,paper,design1,,,6300.0,2023-06-27 00:40:00,,,,,,11
342,,24655591,,285900,MF30,MF30_285900,paper,design1,,,6500.0,2023-06-26 19:10:00,,,,,,11
343,,24754781,,44146,MF30,MF30_44146,paper,design1,sold_used,,6300.0,2023-07-07 21:37:00,,2023-10-07,,,,11
344,,24712247,,97273,MF30,MF30_97273,paper,design1,,,6300.0,2023-07-04 15:42:00,,,,,,11
345,,24721359,,32858,MF30,MF30_32858,paper,design1,,,6300.0,2023-07-05 09:41:00,,,,,,11
346,,24732313,,59833,MF30,MF30_59833,paper,design1,sold_used,,6300.0,2023-07-06 14:34:00,,,,,,11
347,,24754939,,231300,MF30,MF30_231300,paper,design1,sold_used,,5500.0,2023-07-07 21:11:00,,,,,,11
348,,24879873,,65695,MF30,MF30_65695,paper,design1,sold_used,,6300.0,2023-07-27 23:51:00,,2023-05-08,,,,11
349,,24912833,,56910,MF30,MF30_56910,paper,design1,sold_used,,6500.0,2023-07-27 23:53:00,,2023-02-09,,,,11
350,,24915035,,2553012,MF30,MF30_2553012,paper,design1,,,6300.0,2023-07-27 17:48:00,,,,,,11
351,,25300125,,211297,MF30,MF30_211297,paper,design1,,,6500.0,2023-09-13 14:51:00,,,,,,11
352,,23668343,,2153503,MT,MT_2153503,paper,design1,sold_used,,16000.0,2023-02-14 06:16:00,,2023-03-05,,,,138
353,,23787453,,T2687555,MT,MT_T2687555,paper,design1,,,8000.0,2023-03-04 18:22:00,,,,,,138
354,,25741381,,297571,MT,MT_297571,paper,design1,,,8000.0,2023-10-22 09:28:00,,,,,,138
355,,25973933,,292328,MT,MT_292328,paper,design1,,,8000.0,2023-11-14 11:21:00,,,,,,138
356,,26019729,,280426,MT,MT_280426,paper,design1,,,8000.0,2023-11-19 12:59:00,,,,,,138
357,,26056333,,245287,MT,MT_245287,paper,design1,sold_used,,8000.0,2023-11-26 10:41:00,,2023-03-12,,,,138
358,,26163311,,273176,MT,MT_273176,paper,design1,,,8000.0,2023-12-01 15:09:00,,,,,,138
359,,23680923,,119536,MF60,MF60_119536,paper,design1,sold_used,,8000.0,2023-02-15 23:09:00,,,,,,10
360,,23685037,,192849,MF60,MF60_192849,paper,design1,sold_used,,8000.0,2023-03-16 13:19:00,,2023-04-06,,,,10
361,,23968299,,150646,MF60,MF60_150646,paper,design1,sold_used,,10000.0,2023-03-30 13:34:00,,2023-11-06,,,,10
362,,25051369,,244249,MF60,MF60_244249,paper,design1,sold_used,,10000.0,2023-08-10 15:28:00,,2023-12-08,,,,10
363,,24070381,,157500,MF60,MF60_157500,paper,design1,,,10000.0,2023-04-15 22:03:00,,,,,,10
364,,24311137,,230352,MF60,MF60_230352,paper,design1,sold_used,,10000.0,2023-05-16 15:49:00,,2023-06-08,,,,10
365,,24531951,,172081,MF60,MF60_172081,paper,design1,,,11500.0,2023-06-14 11:16:00,,,,,,10
366,,24570313,,23098,MF60,MF60_23098,paper,design1,,,12000.0,2023-06-16 18:43:00,,,,,,10
367,,24600471,,215852,MF60,MF60_215852,paper,design1,,,12000.0,2023-06-20 18:07:00,,,,,,10
368,,24658773,,180238,MF60,MF60_180238,paper,design1,sold_used,,11500.0,2023-07-01 10:58:00,,,,,,10
369,,24691273,,292256,MF60,MF60_292256,paper,design1,sold_used,,12000.0,2023-07-02 21:14:00,,2023-10-09,,,,10
370,,24769599,,261501,MF60,MF60_261501,paper,design1,sold_used,,11500.0,2023-07-11 14:43:00,,,,,,10
371,,24828375,,158366,MF60,MF60_158366,paper,design1,sold_used,,11500.0,2023-07-19 11:32:00,,,,,,10
372,,24832849,,155091,MF60,MF60_155091,paper,design1,,,11500.0,2023-07-20 16:00:00,,,,,,10
373,,24992009,,155579,MF60,MF60_155579,paper,design1,,,17800.0,2023-08-08 18:30:00,,,,,,10
374,,25927403,,168569,MF60,MF60_168569,paper,design1,,,13000.0,2023-12-02 17:24:00,,,,,,10
375,,23677447,,127226,PR30,PR30_127226,paper,design1,,,10000.0,2023-02-17 16:09:00,,,,,,70
376,,24796919,,296212,PR30,PR30_296212,paper,design1,sold_used,,10000.0,2023-07-12 17:37:00,,,,,,70
377,,25804237,,128551,PR30,PR30_128551,paper,design1,,,10000.0,2023-10-26 11:19:00,,,,,,70
378,,23717367,,213485,DT40,DT40_213485,paper,design1,,,6000.0,2023-02-22 12:04:00,,,,,,133
379,,23719051,,275696,DT40,DT40_275696,paper,design1,,,6000.0,2023-02-22 12:03:00,,,,,,133
380,,23766769,,285464,DT40,DT40_285464,paper,design1,,,6000.0,2023-03-02 20:30:00,,,,,,133
381,,24195986,,293666,DT40,DT40_293666,paper,design1,,,6000.0,2023-05-04 00:11:00,,,,,,133
382,,24678867,,262063,DT40,DT40_262063,paper,design1,,,12500.0,2023-07-04 15:40:00,,,,,,133
383,,24742601,,229887,DT40,DT40_229887,paper,design1,sold_used,,6000.0,2023-07-10 15:59:00,,,,,,133
384,,24864919,,291494,DT40,DT40_291494,paper,design1,sold_used,,6000.0,2023-07-27 23:47:00,,,,,,133
385,,24894989,,256518,DT40,DT40_256518,paper,design1,sold_used,,6000.0,2023-07-27 11:29:00,,,,,,133
386,,25228541,,213033,DT40,DT40_213033,paper,design1,,,14000.0,2023-09-04 18:58:00,,,,,,133
387,,23720559,,043782,GR2,GR2_043782,paper,design1,sold_used,,7000.0,2023-02-22 20:25:00,,,,,,95
388,,25076923,,023609,GR2,GR2_023609,paper,design1,,,7000.0,2023-08-14 15:51:00,,,,,,95
389,,25939897,,034795,GR2,GR2_034795,paper,design1,,,7600.0,2023-11-10 09:58:00,,,,,,95
390,,23728089,,226455,MTT,MTT_226455,paper,design1,,,16000.0,2023-02-26 13:07:00,,,,,,139
391,,24626351,,266364,MTT,MTT_266364,paper,design1,sold_used,,16000.0,2023-06-23 21:08:00,,2023-02-08,,,,139
392,,23729813,,211258,SKT2,SKT2_211258,paper,design1,,,10000.0,2023-02-23 11:39:00,,,,,,173
393,,23731875,,242557,SH2,SH2_242557,paper,design1,,,7000.0,2023-02-23 18:44:00,,,,,,185
394,,23778383,,251030,SH2,SH2_251030,paper,design1,sold_used,,7000.0,2023-03-04 18:20:00,,,,,,185
395,,23937427,,279228,SH2,SH2_279228,paper,design1,,,7000.0,2023-03-25 13:15:00,,,,,,185
396,,25921669,,274454,SH2,SH2_274454,paper,design1,,,7000.0,2023-11-09 15:46:00,,,,,,185
397,,24349337,,151188,KA6,KA6_151188,paper,design1,sold_used,,7800.0,2023-05-22 15:10:00,,,,,,106
398,,23938327,,126574,KA6,KA6_126574,paper,design1,,,7800.0,2023-03-25 20:27:00,,,,,,106
399,,24130631,,164429,KA6,KA6_164429,paper,design1,sold_used,,7800.0,2023-04-22 13:41:00,,,,,,106
400,,24144607,,175724,KA6,KA6_175724,paper,design1,,,7800.0,2023-04-25 13:19:00,,,,,,106
401,,24393027,,121707,KA6,KA6_121707,paper,design1,,,8000.0,2023-05-26 18:52:00,,,,,,106
402,,24630921,,179912,KA6,KA6_179912,paper,design1,sold_used,,8000.0,2023-06-25 12:27:00,,,,,,106
403,,24675375,,113972,KA6,KA6_113972,paper,design1,sold_used,,8000.0,2023-07-01 10:57:00,,,,,,106
404,,24692125,,172427,KA6,KA6_172427,paper,design1,,,8000.0,2023-07-02 21:14:00,,,,,,106
405,,24724961,,252311,KA6,KA6_252311,paper,design1,sold_used,,8000.0,2023-07-09 10:59:00,,2023-09-08,,,,106
406,,24802551,,280543,KA6,KA6_280543,paper,design1,,,8000.0,2023-07-14 22:41:00,,,,,,106
407,,24825355,,46000,KA6,KA6_46000,paper,design1,,,8000.0,2023-07-17 14:47:00,,,,,,106
408,,24971701,,266806,KA6,KA6_266806,paper,design1,,,8000.0,2023-08-08 18:30:00,,,,,,106
409,,25012115,,47509,KA6,KA6_47509,paper,design1,sold_used,,8000.0,2023-08-08 15:55:00,,2023-07-09,,,,106
410,,25076745,,25335,KA6,KA6_25335,paper,design1,,,8000.0,2023-08-20 02:54:00,,,,,,106
411,,25220577,,245508,KA6,KA6_245508,paper,design1,sold_used,,8000.0,2023-09-02 20:28:00,,2023-04-11,,,,106
412,,25228663,,26677,KA6,KA6_26677,paper,design1,,,7800.0,2023-09-06 15:45:00,,,,,,106
413,,25295261,,72425,KA6,KA6_72425,paper,design1,,,8000.0,2023-09-14 20:46:00,,,,,,106
414,,25433705,,218974,KA6,KA6_218974,paper,design1,,,8000.0,2023-09-28 16:50:00,,,,,,106
415,,25362465,,284462,KA6,KA6_284462,paper,design1,,,8000.0,2023-09-22 13:16:00,,,,,,106
416,,25396673,,70556,KA6,KA6_70556,paper,design1,,,8000.0,2023-09-25 20:38:00,,,,,,106
417,,25400431,,94920,KA6,KA6_94920,paper,design1,,,8000.0,2023-09-27 12:10:00,,,,,,106
418,,25566055,,38150,KA6,KA6_38150,paper,design1,,,8000.0,2023-10-08 17:10:00,,,,,,106
419,,25933681,,47383,KA6,KA6_47383,paper,design1,,,8000.0,2023-11-09 15:45:00,,,,,,106
420,,23626115,,229483,MF20,MF20_229483,paper,design1,sold_used,,3700.0,2023-02-28 23:25:00,,,,,,12
421,,24016757,,183781,MF20,MF20_183781,paper,design1,sold_used,,3700.0,2023-04-06 16:15:00,,2023-04-07,,,,12
422,,24238315,,277448,MF20,MF20_277448,paper,design1,,,3700.0,2023-05-07 16:07:00,,,,,,12
423,,24361241,,224019,MF20,MF20_224019,paper,design1,sold_used,,3700.0,2023-05-24 20:02:00,,2023-09-07,,,,12
424,,24424191,,220299,MF20,MF20_220299,paper,design1,,,3700.0,2023-05-31 17:55:00,,,,,,12
425,,24451741,,186855,MF20,MF20_186855,paper,design1,,,4300.0,2023-06-03 23:14:00,,,,,,12
426,,24678509,,198726,MF20,MF20_198726,paper,design1,,,3700.0,2023-06-29 22:00:00,,,,,,12
427,,24679955,,224538,MF20,MF20_224538,paper,design1,,,4500.0,2023-07-05 22:02:00,,,,,,12
428,,24686807,,165331,MF20,MF20_165331,paper,design1,sold_used,,4300.0,2023-07-04 16:04:00,,,,,,12
429,,24696037,,167861,MF20,MF20_167861,paper,design1,,,3700.0,2023-07-04 16:04:00,,,,,,12
430,,24696275,,116904,MF20,MF20_116904,paper,design1,,,3700.0,2023-07-04 16:05:00,,,,,,12
431,,24732421,,179149,MF20,MF20_179149,paper,design1,,,4300.0,2023-07-05 22:05:00,,,,,,12
432,,24743941,,237723,MF20,MF20_237723,paper,design1,sold_used,,4500.0,2023-07-11 13:47:00,,,,,,12
433,,24752957,,288176,MF20,MF20_288176,paper,design1,sold_used,,3700.0,2023-07-10 16:13:00,,2023-08-08,,,,12
434,,24754287,,235383,MF20,MF20_235383,paper,design1,sold_used,,4500.0,2023-07-10 16:13:00,,,,,,12
435,,24790987,,254131,MF20,MF20_254131,paper,design1,,,4500.0,2023-07-14 09:25:00,,,,,,12
436,,24885967,,264394,MF20,MF20_264394,paper,design1,sold_used,,4500.0,2023-07-25 12:08:00,,2023-07-09,,,,12
437,,24916347,,285169,MF20,MF20_285169,paper,design1,sold_used,,4300.0,2023-07-28 18:03:00,,,,,,12
438,,24937647,,15116298,MF20,MF20_15116298,paper,design1,sold_used,,4300.0,2023-07-29 21:16:00,,,,,,12
439,,24975905,,210852,MF20,MF20_210852_Ð˜_MF20_248356,paper,design1,,,3700.0,2023-08-06 09:54:00,,,,,,12
440,,24994445,,252511,MF20,MF20_252511,paper,design1,,,4300.0,2023-08-06 09:52:00,,,,,,12
441,,25011851,,247000,MF20,MF20_247000,paper,design1,sold_used,,8600.0,2023-08-08 15:56:00,,2023-12-08,,,,12
442,,25014895,,217190,MF20,MF20_217190,paper,design1,,,3700.0,2023-08-08 15:57:00,,,,,,12
443,,25070805,,231433,MF20,MF20_231433,paper,design1,,,4300.0,2023-08-16 12:34:00,,,,,,12
444,,25086857,,239114,MF20,MF20_239114,paper,design1,,,4500.0,2023-08-20 22:09:00,,,,,,12
445,,25263625,,295862,MF20,MF20_295862,paper,design1,,,8600.0,2023-09-11 09:51:00,,,,,,12
446,,25264075,,276296,MF20,MF20_276296,paper,design1,,,,2023-09-11 09:52:00,,,,,,12
447,,23759977,,253957,SU60,SU60_253957,paper,design1,,,,2023-02-28 14:25:00,,,,,,22
448,,24576103,,222582,SU60,SU60_222582,paper,design1,sold_used,,,2023-06-16 18:39:00,,,,,,22
449,,24748823,,153647,SU60,SU60_153647,paper,design1,sold_used,,2500.0,2023-07-10 16:04:00,,,,,,22
450,,24797557,,191248,SU60,SU60_191248,paper,design1,,,2500.0,2023-07-13 02:19:00,,,,,,22
451,,24839081,,297186,SU60,SU60_297186,paper,design1,,,,2023-07-18 12:56:00,,,,,,22
452,,24923713,,288466,SU60,SU60_288466,paper,design1,,,2500.0,2023-07-30 10:53:00,,,,,,22
453,,25081619,,162284,SU60,SU60_162284,paper,design1,,,2400.0,2023-08-16 08:30:00,,,,,,22
454,,23799383,,185486,AT10,AT10_185486,paper,design1,,,9000.0,2023-03-06 12:42:00,,,,,,84
455,,24450305,,113797,AT10,AT10_113797,paper,design1,,,9000.0,2023-06-02 11:41:00,,,,,,84
456,,24455599,,113925,AT10,AT10_113925,paper,design1,,,9000.0,2023-06-05 18:12:00,,,,,,84
457,,24908813,,218737,AT10,AT10_218737,paper,design1,,,9000.0,2023-07-26 18:09:00,,,,,,84
458,,25864621,,299246,AT10,AT10_299246,paper,design1,,,9000.0,2023-11-02 16:22:00,,,,,,84
459,,23896621,,197558,KV2X1,KV2X1_197558,paper,design1,,,9000.0,2023-03-21 09:30:00,,,,,,123
460,,24138093,,140917,KV2X1,KV2X1_140917,paper,design1,sold_used,,10000.0,2023-04-27 00:04:00,,,,,,123
461,,24140065,,196319,KV2X1,KV2X1_196319,paper,design1,,,9000.0,2023-04-27 00:05:00,,,,,,123
462,,24515423,,057357,KV2X1,KV2X1_057357,paper,design1,,,9000.0,2023-06-09 18:17:00,,,,,,123
463,,24545291,,163458,KV2X1,KV2X1_163458,paper,design1,sold_used,,9000.0,2023-06-14 11:15:00,,2023-03-09,,,,123
464,,24614903,,070836,KV2X1,KV2X1_070836,paper,design1,sold_used,,9000.0,2023-06-26 14:43:00,,,,,,123
465,,24817559,,022802,KV2X1,KV2X1_022802,paper,design1,sold_used,,9000.0,2023-07-15 14:38:00,,,,,,123
466,,24846693,,082619,KV2X1,KV2X1_082619,paper,design1,sold_used,,9000.0,2023-07-21 15:32:00,,2023-03-09,,,,123
467,,24853559,,012993,KV2X1,KV2X1_012993,paper,design1,sold_used,,9000.0,2023-07-20 20:01:00,,2023-10-09,,,,123
468,,25330097,,077209,KV2X1,KV2X1_077209,paper,design1,,,9000.0,2023-09-18 17:16:00,,,,,,123
469,,23897495,,020814,CW2,CW2_020814,paper,design1,sold_used,,12500.0,2023-03-21 09:31:00,,,,,,100
470,,23931579,,240695,CW2,CW2_240695,paper,design1,sold_used,,12500.0,2023-03-24 15:47:00,,2023-04-05,,,,100
471,,24313681,,147390,CW2,CW2_147390,paper,design1,,,12500.0,2023-05-16 17:44:00,,,,,,100
472,,24986247,,172221,CW2,CW2_172221,paper,design1,,,12500.0,2023-08-09 10:29:00,,,,,,100
473,,25052977,,113169,CW2,CW2_113169,paper,design1,,,9000.0,2023-08-12 14:32:00,,,,,,100
474,,26025002,,219761,CW2,CW2_219761,paper,design1,,,9000.0,2023-11-18 17:59:00,,,,,,100
475,,26095709,,267873,CW2,CW2_267873,paper,design1,,,12500.0,2023-11-25 12:03:00,,,,,,100
476,,23908115,,023008,AT6K,AT6K_023008,paper,design1,sold_used,,0.0,2023-03-22 07:51:00,,,,,,88
477,,23906549,,151254,LL1H,LL1H_151254,paper,design1,,,5500.0,2023-03-25 18:52:00,,,,,,110
478,,24130975,,091348,LL1H,LL1H_091348,paper,design1,sold_used,,5500.0,2023-04-21 19:06:00,,2023-01-09,,,,110
479,,25016423,,189124,LL1H,LL1H_189124,paper,design1,sold_used,,5500.0,2023-08-07 20:45:00,,,,,,110
480,,24521925,,154690,LL1H,LL1H_154690,paper,design1,sold_used,,5500.0,2023-06-10 12:11:00,,,,,,110
481,,24683875,,082462,LL1H,LL1H_082462,paper,design1,sold_used,,5500.0,2023-06-30 12:45:00,,,,,,110
482,,24736177,,139254,LL1H,LL1H_139254,paper,design1,sold_used,,5500.0,2023-07-08 14:48:00,,,,,,110
483,,25395159,,242935,LL1H,LL1H_242935,paper,design1,sold_used,,5500.0,2023-09-25 20:42:00,,,,,,110
484,,25350335,,286600,LL1H,LL1H_286600,paper,design1,,,5500.0,2023-09-22 13:12:00,,,,,,110
485,,23944363,,258816,YEP,YEP_258816,paper,design1,,,5900.0,2023-03-28 12:35:00,,,,,,128
486,,24615375,,210531,YEP,YEP_210531,paper,design1,,,5900.0,2023-06-27 00:34:00,,,,,,128
487,,25900083,,298025,YEP,YEP_298025,paper,design1,,,5900.0,2023-11-06 08:59:00,,,,,,128
488,,23977837,,136259,WTF3,WTF3_136259,paper,design1,,,34567.0,2023-04-01 13:10:00,,,,,,183
489,,24855063,,139316,WTF3,WTF3_139316,paper,design1,,,34567.0,2023-07-20 15:59:00,,,,,,183
490,,25342407,,211773,WTF3,WTF3_211773,paper,design1,,,34567.0,2023-09-19 19:59:00,,,,,,183
491,,25947761,,162717,WTF3,WTF3_162717,paper,design1,,,34567.0,2023-11-13 12:29:00,,,,,,183
492,,26160427,,269703,WTF3,WTF3_269703,paper,design1,,,34567.0,2023-12-02 16:01:00,,,,,,183
493,,23985509,,166049,RB15,RB15_166049,paper,design1,sold_used,,12500.0,2023-04-03 11:50:00,,,,,,62
494,,23999465,,137198,EFL60,EFL60_137198,paper,design1,sold_used,,10000.0,2023-04-04 14:20:00,,2023-05-08,,,,25
495,,24355231,,135923,EFL60,EFL60_135923,paper,design1,,,10000.0,2023-05-23 12:29:00,,,,,,25
496,,24366877,,190870,EFL60,EFL60_190870,paper,design1,,,10000.0,2023-05-24 18:34:00,,,,,,25
497,,24442761,,138936,EFL60,EFL60_138936,paper,design1,,,10500.0,2023-06-03 21:07:00,,,,,,25
498,,25030227,,188721,EFL60,EFL60_188721,paper,design1,,,11000.0,2023-08-14 21:37:00,,,,,,25
499,,24082975,,028625,AT15,AT15_028625,paper,design1,sold_used,,12800.0,2023-04-15 14:50:00,,,,,,85
500,,24819561,,075404,AT15,AT15_075404,paper,design1,,,12800.0,2023-07-17 16:59:00,,,,,,85
501,,25278301,,017040,AT15,AT15_017040,paper,design1,,,12800.0,2023-09-18 15:43:00,,,,,,85
502,,24122675,,286803,DT30,DT30_286803,paper,design1,,,4500.0,2023-04-20 15:01:00,,,,,,131
503,,24443749,,266734,DT30,DT30_266734,paper,design1,sold_used,,4500.0,2023-06-01 23:58:00,,,,,,131
504,,24833855,,218667,DT30,DT30_218667,paper,design1,,,4500.0,2023-07-20 16:01:00,,,,,,131
505,,25163111,,241141,DT30,DT30_241141,paper,design1,,,4500.0,2023-08-27 14:34:00,,,,,,131
506,,25529113,,4223827,DT30,DT30_4223827,paper,design1,,,4500.0,2023-10-03 20:43:00,,,,,,131
507,,25674903,,290083,DT30,DT30_290083,paper,design1,,,4500.0,2023-10-16 21:56:00,,,,,,131
508,,24135103,,265363,RXV,RXV_265363,paper,design1,sold_used,,53000.0,2023-04-24 21:27:00,,,,,,77
509,,24822153,,232656,RXV,RXV_232656,paper,design1,,,53000.0,2023-07-17 16:09:00,,,,,,77
510,,24137385,,293527,SHH,SHH_293527,paper,design1,,,15000.0,2023-04-24 14:37:00,,,,,,186
511,,24204699,,289864,BGH,BGH_289864,paper,design1,,,22000.0,2023-05-04 16:51:00,,,,,,91
512,,24206155,,256705,BGH,BGH_256705,paper,design1,,,22000.0,2023-05-04 16:50:00,,,,,,91
513,,25138799,,287071,BGH,BGH_287071,paper,design1,sold_used,,11000.0,2023-08-23 10:08:00,,2023-11-09,,,,91
514,,24878287,,226862,BGH,BGH_226862,paper,design1,sold_used,,11000.0,2023-07-25 11:41:00,,,,,,91
515,,24208691,,227094,W&F,W&F_227094,paper,design1,,,12345.0,2023-05-04 00:09:00,,,,,,28
516,,24302881,,24351,W&F,W&F_24351,paper,design1,sold_used,,12345.0,2023-05-16 13:55:00,,,,,,28
517,,24510597,,276833,W&F,W&F_276833,paper,design1,,,12345.0,2023-06-10 15:06:00,,,,,,28
518,,24578193,,32649,W&F,W&F_32649,paper,design1,sold_used,,12345.0,2023-06-16 13:55:00,,,,,,28
519,,24593863,,77508,W&F,W&F_77508,paper,design1,sold_used,,12345.0,2023-06-20 18:05:00,,2023-05-08,,,,28
520,,24606009,,249877,W&F,W&F_249877,paper,design1,sold_used,,,2023-06-20 16:58:00,,2023-03-08,,,,28
521,,24655155,,59106,W&F,W&F_59106,paper,design1,,,12345.0,2023-06-27 18:39:00,,,,,,28
522,,24677629,,233598,W&F,W&F_233598,paper,design1,,,12345.0,2023-07-02 20:30:00,,,,,,28
523,,24772035,,83151,W&F,W&F_83151,paper,design1,,,12345.0,2023-07-10 14:44:00,,,,,,28
524,,24817513,,255123,W&F,W&F_255123,paper,design1,sold_used,,12345.0,2023-07-16 15:10:00,,,,,,28
525,,24895271,,19188783,W&F,W&F_19188783,paper,design1,sold_used,,12345.0,2023-07-27 11:28:00,,2023-04-09,,,,28
526,,24974093,,20124854,W&F,W&F_20124854,paper,design1,sold_used,,12345.0,2023-08-03 17:33:00,,,,,,28
527,,25044501,,271651,W&F,W&F_271651,paper,design1,,,12345.0,2023-08-11 09:21:00,,,,,,28
528,,25075895,,139465,W&F,W&F_139465,paper,design1,,,,2023-08-14 15:03:00,,,,,,28
529,,25130491,,144281,W&F,W&F_144281,paper,design1,,,12345.0,2023-08-22 12:26:00,,,,,,28
530,,25148895,,12775,W&F,W&F_12775,paper,design1,,,12345.0,2023-08-24 12:27:00,,,,,,28
531,,25679003,,87658,W&F,W&F_87658,paper,design1,,,12345.0,2023-10-16 17:01:00,,,,,,28
532,,26012807,,44469,W&F,W&F_44469,paper,design1,,,12345.0,2023-11-19 17:07:00,,,,,,28
533,,26146795,,263138,W&F,W&F_263138,paper,design1,,,12345.0,2023-11-30 18:12:00,,,,,,28
534,,24253455,,111237,RCV,RCV_111237,paper,design1,sold_used,,27000.0,2023-05-10 13:31:00,,,,,,75
535,,24656599,,173571,RCV,RCV_173571,paper,design1,sold_used,,27000.0,2023-06-27 18:38:00,,,,,,75
536,,24692871,,139098,RCV,RCV_139098,paper,design1,sold_used,,27000.0,2023-07-04 16:05:00,,,,,,75
537,,24872537,,198684,RCV,RCV_198684,paper,design1,,,27000.0,2023-07-24 19:44:00,,,,,,75
538,,25390675,,218812,RCV,RCV_218812,paper,design1,,,27000.0,2023-09-25 18:16:00,,,,,,75
539,,24206053,,167086,CS40,CS40_167086,paper,design1,,,15000.0,2023-05-10 13:30:00,,,,,,65
540,,24675451,,161204,CS40,CS40_161204,paper,design1,,,13000.0,2023-06-29 14:47:00,,,,,,65
541,,24291823,,57897,GU,GU_57897,paper,design1,,,5000.0,2023-05-19 13:40:00,,,,,,179
542,,24963995,,61590,GU,GU_61590,paper,design1,sold_used,,9000.0,2023-08-02 15:46:00,,2023-03-10,,,,179
543,,24965161,,60877,GU,GU_60877,paper,design1,sold_used,,5000.0,2023-08-02 15:46:00,,2023-03-10,,,,179
544,,25027567,,28993,GU,GU_28993,paper,design1,,,4500.0,2023-08-08 10:44:00,,,,,,179
545,,25068023,,92788,GU,GU_92788,paper,design1,,,4500.0,2023-08-14 23:44:00,,,,,,179
546,,25143163,,37578,GU,GU_37578,paper,design1,,,4500.0,2023-08-24 12:23:00,,,,,,179
547,,25187453,,89898,GU,GU_89898,paper,design1,sold_used,,4500.0,2023-08-31 15:03:00,,,,,,179
548,,25225457,,90951,GU,GU_90951,paper,design1,,,4500.0,2023-09-06 20:03:00,,,,,,179
549,,25302105,,51571,GU,GU_51571,paper,design1,,,4500.0,2023-09-17 12:19:00,,,,,,179
550,,25547367,,21918,GU,GU_21918,paper,design1,,,4500.0,2023-10-05 20:50:00,,,,,,179
551,,25705569,,213568,GU,GU_213568,paper,design1,sold_used,,4500.0,2023-10-18 12:22:00,,2023-03-12,,,,179
552,,24309523,,J3091398,RJ,RJ_J3091398,paper,design1,sold_used,,3500.0,2023-05-16 09:41:00,,,,,,166
553,,24737791,,75910,RJ,RJ_75910,paper,design1,,,4000.0,2023-07-08 14:44:00,,,,,,166
554,,24777527,,68980,RJ,RJ_68980,paper,design1,,,4000.0,2023-07-10 20:59:00,,,,,,166
555,,24840183,,86439,RJ,RJ_86439,paper,design1,,,4000.0,2023-07-18 14:39:00,,,,,,166
556,,24952175,,275432,RJ,RJ_275432,paper,design1,,,4000.0,2023-08-01 12:40:00,,,,,,166
557,,24971273,,57753,RJ,RJ_57753,paper,design1,,,4000.0,2023-08-03 00:14:00,,,,,,166
558,,25070945,,36689,RJ,RJ_36689,paper,design1,,,3500.0,2023-08-14 23:19:00,,,,,,166
559,,25128407,,73863,RJ,RJ_73863,paper,design1,,,4000.0,2023-08-23 12:02:00,,,,,,166
560,,25341695,,30185,RJ,RJ_30185,paper,design1,,,4000.0,2023-09-19 19:59:00,,,,,,166
561,,25888475,,218222,RJ,RJ_218222,paper,design1,sold_used,,4000.0,2023-11-03 13:35:00,,2023-04-11,,,,166
562,,25943337,,54487,RJ,RJ_54487,paper,design1,,,4000.0,2023-11-10 16:30:00,,,,,,166
563,,24312103,,124892,WP2H,WP2H_124892,paper,design1,,,10000.0,2023-05-19 13:41:00,,,,,,18
564,,24314999,,175374,MT5,MT5_175374,paper,design1,sold_used,,22500.0,2023-05-17 13:03:00,,2023-03-06,,,,140
565,,24322633,,166002,HB30,HB30_166002,paper,design1,,,5500.0,2023-05-18 11:54:00,,,,,,14
566,,24722127,,149314,HB30,HB30_149314,paper,design1,,,,2023-07-09 20:08:00,,,,,,14
567,,24345883,,165207,SKI40,SKI40_165207,paper,design1,,,7200.0,2023-05-23 12:22:00,,,,,,27
568,,24363569,,090037,WP15,WP15_090037,paper,design1,,,2000.0,2023-05-22 19:28:00,,,,,,20
569,,24372339,,153101,KAT2,KAT2_153101,paper,design1,,,5000.0,2023-05-24 11:26:00,,,,,,108
570,,24390141,,276655,EFL30,EFL30_276655,paper,design1,,,5500.0,2023-05-26 08:45:00,,,,,,24
571,,24398711,,159258,CS30,CS30_159258,paper,design1,,,15000.0,2023-05-26 17:32:00,,,,,,66
572,,24640245,,133511,CS30,CS30_133511,paper,design1,,,11500.0,2023-06-24 19:07:00,,,,,,66
573,,24795045,,111798,CS30,CS30_111798,paper,design1,,,,2023-07-12 13:39:00,,,,,,66
574,,24399753,,21561,SU24,SU24_21561,paper,design1,,,6000.0,2023-05-31 17:50:00,,,,,,21
575,,24514829,,111745,SU24,SU24_111745,paper,design1,sold_used,,5500.0,2023-06-09 17:41:00,,2023-08-07,,,,21
576,,24531413,,139605,SU24,SU24_139605,paper,design1,,,6700.0,2023-06-10 12:11:00,,,,,,21
577,,24548785,,35703,SU24,SU24_35703,paper,design1,sold_used,,6500.0,2023-06-14 10:58:00,,,,,,21
578,,24734851,,19769,SU24,SU24_19769,paper,design1,,,10000.0,2023-07-10 15:50:00,,,,,,21
579,,24888717,,137786,SU24,SU24_137786,paper,design1,sold_used,,2500.0,2023-07-26 18:07:00,,2023-02-08,,,,21
580,,24343035,,21470,KS2,KS2_21470,paper,design1,sold_used,,12000.0,2023-05-19 14:35:00,,2023-02-07,,,,118
581,,24430741,,135393,RTV,RTV_135393,paper,design1,,,27000.0,2023-05-31 17:46:00,,,,,,73
582,,24437831,,165056,CS20,CS20_165056,paper,design1,,,8000.0,2023-06-02 00:00:00,,,,,,67
583,,24441731,,1905810537,CS20,CS20_1905810537,paper,design1,sold_used,,8000.0,2023-06-02 00:01:00,,,,,,67
584,,24444891,,82158,SKV,SKV_82158,paper,design1,,,22500.0,2023-06-04 22:53:00,,,,,,163
585,,24455437,,52507,SKV,SKV_52507,paper,design1,,,22500.0,2023-06-05 18:52:00,,,,,,163
586,,24481197,,34333,SKV,SKV_34333,paper,design1,sold_used,,22500.0,2023-06-10 12:09:00,,2023-05-07,,,,163
587,,24580249,,81168,SKV,SKV_81168,paper,design1,,,25000.0,2023-06-17 14:22:00,,,,,,163
588,,24662157,,99601,SKV,SKV_99601,paper,design1,,,25000.0,2023-06-28 08:56:00,,,,,,163
589,,24684609,,93772,SKV,SKV_93772,paper,design1,sold_used,,25000.0,2023-07-01 09:57:00,,,,,,163
590,,24748931,,230342,SKV,SKV_230342,paper,design1,,,25000.0,2023-07-08 17:04:00,,,,,,163
591,,25051183,,3886067,SKV,SKV_3886067,paper,design1,,,25000.0,2023-08-10 14:05:00,,,,,,163
592,,25188703,,295865,SKV,SKV_295865,paper,design1,sold_used,,25000.0,2023-08-31 15:02:00,,,,,,163
593,,25228987,,62228,SKV,SKV_62228,paper,design1,sold_used,,25000.0,2023-09-06 17:50:00,,,,,,163
594,,25234983,,274535,SKV,SKV_274535,paper,design1,,,25000.0,2023-09-08 12:58:00,,,,,,163
595,,25353179,,(SC),SKV,SKV_(SC)_113886,paper,design1,sold_used,,25000.0,2023-09-19 19:29:00,,,,,,163
596,,24436217,,254772,LL2H,LL2H_254772,paper,design1,sold_used,,10000.0,2023-06-10 12:08:00,,,,,,112
597,,24635421,,237183,LL2H,LL2H_237183,paper,design1,,,10000.0,2023-06-23 20:24:00,,,,,,112
598,,24675625,,215012,LL2H,LL2H_215012,paper,design1,,,10000.0,2023-06-30 15:53:00,,,,,,112
599,,24563263,,120693,CS60,CS60_120693,paper,design1,sold_used,,22000.0,2023-06-20 17:53:00,,,,,,64
600,,24577653,,218921,GC2,GC2_218921,paper,design1,sold_used,,3000.0,2023-06-20 17:55:00,,,,,,169
601,,24582315,,190734,WP60,WP60_190734,paper,design1,sold_used,,6100.0,2023-06-19 17:55:00,,2023-06-08,,,,19
602,,24606999,,167283,WP60,WP60_167283,paper,design1,sold_used,,6100.0,2023-06-21 16:40:00,,,,,,19
603,,24611549,,21472,WP60,WP60_21472,paper,design1,sold_used,,6100.0,2023-06-26 11:14:00,,2023-06-08,,,,19
604,,24586277,,234207,PPP,PPP_234207,paper,design1,,,4500.0,2023-06-20 11:22:00,,,,,,156
605,,24619731,,218042,PPP,PPP_218042,paper,design1,,,4500.0,2023-06-24 10:14:00,,,,,,156
606,,24654735,,239948,PPP,PPP_239948,paper,design1,sold_used,,4500.0,2023-06-27 15:48:00,,,,,,156
607,,25122349,,221645,PPP,PPP_221645,paper,design1,sold_used,,4500.0,2023-08-20 22:07:00,,,,,,156
608,,25125677,,252246,PPP,PPP_252246,paper,design1,,,4500.0,2023-08-23 12:01:00,,,,,,156
609,,25398335,,15610,PPP,PPP_15610,paper,design1,,,4500.0,2023-09-26 16:58:00,,,,,,156
610,,26052825,,41855,PPP,PPP_41855,paper,design1,,,4500.0,2023-11-21 15:27:00,,,,,,156
611,,24587401,,47288,PB,PB_47288,paper,design1,,,4000.0,2023-06-18 13:49:00,,,,,,142
612,,25397265,,70857,PB,PB_70857,paper,design1,sold_used,,7500.0,2023-09-26 12:36:00,,,,,,142
613,,24598479,,51411,KS,KS_51411,paper,design1,sold_used,,6000.0,2023-06-20 18:06:00,,2023-10-07,,,,117
614,,24604803,,191821,KAT,KAT_191821,paper,design1,sold_used,,6000.0,2023-06-21 23:00:00,,2023-03-08,,,,107
615,,26042871,,140487,KAT,KAT_140487,paper,design1,,,12000.0,2023-12-05 21:05:00,,,,,,107
616,,26042895,,154768,KAT,KAT_154768,paper,design1,,,6000.0,2023-11-20 12:51:00,,,,,,107
617,,24652957,,97443,GU2,GU2_97443,paper,design1,,,9500.0,2023-06-27 18:41:00,,,,,,180
618,,24742343,,71310,GU2,GU2_71310,paper,design1,,,9500.0,2023-07-13 12:08:00,,,,,,180
619,,25775383,,33191,GU2,GU2_33191,paper,design1,sold_used,,9500.0,2023-10-27 13:11:00,,2023-03-12,,,,180
620,,25970993,,59079,GU2,GU2_59079,paper,design1,sold_used,,10000.0,2023-11-14 17:00:00,,,,,,180
621,,26162989,,21041,GU2,GU2_21041,paper,design1,,,5000.0,2023-12-01 15:20:00,,,,,,180
622,,24687315,,214797,SH,SH_214797,paper,design1,,,3500.0,2023-07-02 21:14:00,,,,,,184
623,,26094793,,237596,SH,SH_237596,paper,design1,,,3500.0,2023-11-25 12:03:00,,,,,,184
624,,24817197,,38241,BF180,BF180_38241,paper,design1,sold_used,,18000.0,2023-07-15 13:44:00,,,,,,127
625,,24818473,,143437,PR60,PR60_143437,paper,design1,,,17500.0,2023-07-17 12:48:00,,,,,,68
626,,24832117,,17524,RJ2,RJ2_17524,paper,design1,,,7500.0,2023-07-20 15:57:00,,,,,,167
627,,24878481,,68038,RJ2,RJ2_68038,paper,design1,sold_used,,7500.0,2023-07-25 11:41:00,,2023-01-09,,,,167
628,,24958205,,65204,RJ2,RJ2_65204,paper,design1,sold_used,,4000.0,2023-07-31 21:02:00,,,,,,167
629,,24875713,,114884,RB30,RB30_114884,paper,design1,,,29000.0,2023-07-25 11:42:00,,,,,,60
630,,25352731,,155542,RB30,RB30_155542,paper,design1,sold_used,,29000.0,2023-09-20 17:36:00,,,,,,60
631,,25436425,,189868,RB30,RB30_189868,paper,design1,,,29000.0,2023-09-28 17:11:00,,,,,,60
632,,25010515,,291295,WSN40,WSN40_291295,paper,design1,,,0.0,2023-08-08 15:50:00,,,,,,8
633,,25048659,,21108,BF90,BF90_21108,paper,design1,sold_used,,12000.0,2023-08-20 22:08:00,,,,,,126
634,,25052653,,149848,EDC,EDC_149848,paper,design1,,,39900.0,2023-08-12 14:51:00,,,,,,81
635,,25173041,,151744,PR40,PR40_151744,paper,design1,,,13000.0,2023-09-01 12:54:00,,,,,,69
636,,25212057,,54130,BF40,BF40_54130,paper,design1,,,6000.0,2023-09-05 22:37:00,,,,,,125
637,,25265353,,35742,AC60,AC60_35742,paper,design1,,,5000.0,2023-09-19 19:57:00,,,,,,56
638,,26008973,,42254,AC60,AC60_42254,paper,design1,,,5000.0,2023-12-02 17:24:00,,,,,,56
639,,25316045,,64158,PB2X,PB2X_64158,paper,design1,sold_used,,13000.0,2023-09-18 22:23:00,,,,,,144
640,,25492351,,079697,AT4K,AT4K_079697,paper,design1,,,,2023-10-02 17:39:00,,,,,,87
641,,25693371,,242496,GC1,GC1_242496,paper,design1,,,3000.0,2023-10-19 22:06:00,,,,,,168
642,,25698611,,249988,GC1,GC1_249988,paper,design1,,,3000.0,2023-10-19 22:07:00,,,,,,168
643,,25853207,,148026,PR20,PR20_148026,paper,design1,sold_used,,7000.0,2023-11-01 13:58:00,,2023-04-11,,,,71
644,,25974335,,54700,PB2,PB2_54700,paper,design1,,,7500.0,2023-11-13 13:16:00,,,,,,143
